Schedule,MinPct,SL,Step,Buffer,FinalBal,NetProfit,MaxDD_D,MaxDD_Pct,Calmar,CAGR,Trades,SuperDumps,LossStreak,Survived
S1_Micro_Survive,0.5,15.0,5.0,1.0,9516.301999999972,7516.301999999972,2557.5100000000016,82.95168679122405,2.938914021841544,19.637261124793405,190,35,27,False
S1_Micro_Survive,0.5,15.0,5.0,2.0,4877.897999999996,2877.8979999999956,2174.310000000001,80.13664778035813,1.3235913922117797,10.791402385753933,190,31,25,False
S1_Micro_Survive,0.5,15.0,7.5,1.0,16830.541999999958,14830.541999999958,2436.7399999999925,46.58761688600646,6.086222576064744,27.74081050342392,190,32,27,False
S1_Micro_Survive,0.5,15.0,7.5,2.0,14447.860999999959,12447.860999999959,2193.2530000000006,42.38194617553343,5.6755244379011245,25.5190386959276,190,30,27,False
S1_Micro_Survive,0.5,15.0,10.0,1.0,10452.346999999958,8452.346999999958,3160.036999999994,53.35616791305291,2.674762036014127,20.934402927333906,190,26,27,False
S1_Micro_Survive,0.5,15.0,10.0,2.0,8295.32399999996,6295.3239999999605,2899.100999999996,63.84749810875723,2.1714745364166235,17.76381875828592,190,24,26,False
S1_Micro_Survive,0.5,20.0,5.0,1.0,9469.316999999974,7469.316999999974,3172.5300000000016,95.09505968975776,2.354372377881366,19.5692172511283,190,38,27,False
S1_Micro_Survive,0.5,20.0,5.0,2.0,4895.912999999997,2895.912999999997,2789.310000000001,94.83358877871717,1.038218412438917,10.838357147124844,190,34,25,False
S1_Micro_Survive,0.5,20.0,7.5,1.0,16532.19699999996,14532.19699999996,3175.914999999992,43.004261833697825,4.57575124019377,27.47847158727792,190,36,27,False
S1_Micro_Survive,0.5,20.0,7.5,2.0,14229.51599999996,12229.51599999996,2902.243999999995,53.21995855720385,4.213813862652478,25.299529591022484,190,34,27,False
S1_Micro_Survive,0.5,20.0,10.0,1.0,9902.559999999961,7902.559999999961,3933.711999999993,54.389291023644326,2.0089320214596227,20.18564116924264,190,28,27,False
S1_Micro_Survive,0.5,20.0,10.0,2.0,7808.536999999965,5808.536999999965,3690.7759999999953,77.95405395187254,1.5737983014953962,16.94807196118042,190,26,26,False
S1_Micro_Survive,0.5,25.0,5.0,1.0,9396.376999999973,7396.376999999973,3578.4500000000016,97.52811757065068,2.066921991364968,19.462990896203557,190,39,27,False
S1_Micro_Survive,0.5,25.0,5.0,2.0,4878.972999999996,2878.9729999999963,3168.450000000001,95.91284068742306,0.9086376619482698,10.79420859599811,190,35,25,False
S1_Micro_Survive,0.5,25.0,7.5,1.0,16232.541999999958,14232.541999999958,3752.6149999999943,44.32206561779638,3.792699757369189,27.210728638636006,190,37,27,False
S1_Micro_Survive,0.5,25.0,7.5,2.0,13964.860999999957,11964.860999999957,3468.943999999995,59.75431262052469,3.449136394245619,25.029431178298857,190,35,27,False
S1_Micro_Survive,0.5,25.0,10.0,1.0,9445.404999999962,7445.4049999999625,4575.411999999993,61.07017071546572,1.6272643862454297,19.534472980911776,190,29,27,False
S1_Micro_Survive,0.5,25.0,10.0,2.0,7386.381999999962,5386.381999999962,4322.475999999996,86.1205738560993,1.246133466096739,16.20333546420667,190,27,26,False
S1_Micro_Survive,0.8,15.0,5.0,1.0,10019.619999999979,8019.619999999979,2240.510000000002,69.27020049776615,3.57937255357038,20.34809626521279,159,32,23,False
S1_Micro_Survive,0.8,15.0,5.0,2.0,5498.207000000002,3498.207000000002,1889.3100000000009,62.58973643741612,1.8515791479429,12.32637267806631,159,28,22,False
S1_Micro_Survive,0.8,15.0,7.5,1.0,16846.952999999965,14846.952999999965,2149.4239999999972,37.52265361554831,6.907410078234905,27.755121175680465,159,28,25,False
S1_Micro_Survive,0.8,15.0,7.5,2.0,14869.498999999965,12869.498999999965,1918.2529999999997,37.45411597295223,6.708968525006851,25.93474188049767,159,26,25,False
S1_Micro_Survive,0.8,15.0,10.0,1.0,10594.318999999967,8594.318999999967,2710.036999999993,42.945549816846636,3.171292126269859,21.12208524901873,159,21,25,False
S1_Micro_Survive,0.8,15.0,10.0,2.0,8397.29599999997,6397.295999999969,2454.1009999999956,57.370482815629195,2.606777797653797,17.929315497159948,159,19,24,False
S1_Micro_Survive,0.8,20.0,5.0,1.0,10081.099999999982,8081.099999999982,2780.5300000000016,78.97101634502037,2.906316421689382,20.432746127941527,159,35,23,False
S1_Micro_Survive,0.8,20.0,5.0,2.0,5624.687000000005,3624.6870000000054,2429.310000000001,74.06338089573225,1.4920644133519412,12.620396852142202,159,31,22,False
S1_Micro_Survive,0.8,20.0,7.5,1.0,16682.297999999966,14682.297999999966,2654.1049999999923,34.41105424997946,5.531920553256186,27.61097653372635,159,32,25,False
S1_Micro_Survive,0.8,20.0,7.5,2.0,14784.843999999968,12784.843999999968,2418.1179999999986,44.43584846093708,5.287105095781089,25.85212300315851,159,30,25,False
S1_Micro_Survive,0.8,20.0,10.0,1.0,10169.736999999968,8169.736999999968,3391.901999999992,48.36675493759402,2.408600543293995,20.55398689874748,159,23,25,False
S1_Micro_Survive,0.8,20.0,10.0,2.0,8035.713999999972,6035.713999999972,3153.965999999994,70.01158733118443,1.9136902553800463,17.33420966446655,159,21,24,False
S1_Micro_Survive,0.8,25.0,5.0,1.0,9911.319999999982,7911.3199999999815,3214.4500000000016,84.92400444903542,2.4611737622299237,20.19785691552127,159,36,23,False
S1_Micro_Survive,0.8,25.0,5.0,2.0,5497.907000000003,3497.907000000003,2840.450000000001,79.68938408181778,1.2314622683025582,12.325668190817375,159,32,22,False
S1_Micro_Survive,0.8,25.0,7.5,1.0,16343.802999999964,14343.802999999964,3200.804999999992,40.154881078609925,4.481311107674475,27.310647454742455,159,33,25,False
S1_Micro_Survive,0.8,25.0,7.5,2.0,14476.348999999966,12476.348999999966,2927.1339999999955,51.128772757768736,4.262308797615683,25.54746170866209,159,31,25,False
S1_Micro_Survive,0.8,25.0,10.0,1.0,9693.74199999997,7693.741999999969,3983.6019999999935,55.30027830590989,1.9313530819594884,19.89157725902495,159,24,25,False
S1_Micro_Survive,0.8,25.0,10.0,2.0,7589.718999999971,5589.718999999971,3740.6659999999947,79.24090560042356,1.4943111734648264,16.566623977417173,159,22,24,False
S1_Micro_Survive,1.0,15.0,5.0,1.0,10257.236999999976,8257.236999999976,2017.2100000000014,62.76777376829122,4.0933948374239515,20.672758563296046,145,31,22,False
S1_Micro_Survive,1.0,15.0,5.0,2.0,5705.349,3705.349,1679.0100000000007,56.24062940895095,2.2068653551795396,12.804867924614838,145,27,21,False
S1_Micro_Survive,1.0,15.0,7.5,1.0,13939.028999999973,11939.028999999973,2023.123999999998,35.96275895235445,5.90128385605627,25.00282575385848,145,25,24,False
S1_Micro_Survive,1.0,15.0,7.5,2.0,12044.074999999975,10044.074999999975,1791.9529999999995,34.575905364499825,5.6050995757143065,22.920886738495327,145,24,24,False
S1_Micro_Survive,1.0,15.0,10.0,1.0,10807.17999999996,8807.17999999996,2451.7369999999937,45.67365669824678,3.592220535889446,21.399351440358693,145,20,24,False
S1_Micro_Survive,1.0,15.0,10.0,2.0,8593.156999999965,6593.156999999965,2182.8009999999954,50.973845674581085,3.0205030142463647,18.242262194036265,145,18,23,False
S1_Micro_Survive,1.0,20.0,5.0,1.0,10368.716999999979,8368.716999999979,2507.2300000000014,71.62967853595163,3.3378337846946526,20.82278816705947,145,34,22,False
S1_Micro_Survive,1.0,20.0,5.0,2.0,5881.829000000003,3881.8290000000034,2169.0100000000007,66.80281771692475,1.7896777792633516,13.200553813622573,145,30,21,False
S1_Micro_Survive,1.0,20.0,7.5,1.0,13824.373999999976,11824.373999999976,2497.988999999996,32.07073206711156,4.733557273470778,24.884208679471477,145,29,24,False
S1_Micro_Survive,1.0,20.0,7.5,2.0,12009.419999999978,10009.419999999978,2266.8179999999993,41.193347330867475,4.415625780278779,22.880181291899483,145,28,24,False
S1_Micro_Survive,1.0,20.0,10.0,1.0,10430.992999999966,8430.992999999966,3083.6019999999926,43.920730226532825,2.734137868635442,20.90597867857198,145,22,24,False
S1_Micro_Survive,1.0,20.0,10.0,2.0,8279.969999999968,6279.969999999968,2832.665999999994,62.838152602245415,2.2169821645050924,17.738743997218066,145,20,23,False
S1_Micro_Survive,1.0,25.0,5.0,1.0,10248.936999999978,8248.936999999978,2891.1500000000015,76.80226925515754,2.853168116493428,20.661530799775953,145,35,22,False
S1_Micro_Survive,1.0,25.0,5.0,2.0,5805.049000000003,3805.0490000000027,2530.150000000001,71.6503872289764,1.5038827737485925,13.029714734555498,145,31,21,False
S1_Micro_Survive,1.0,25.0,7.5,1.0,13535.878999999974,11535.878999999974,2947.004999999993,36.62147747217538,3.914441611059364,24.581847331026797,145,30,24,False
S1_Micro_Survive,1.0,25.0,7.5,2.0,11750.924999999977,9750.924999999977,2640.8339999999944,45.64116736048705,3.6923657450638694,22.573232352441398,145,29,24,False
S1_Micro_Survive,1.0,25.0,10.0,1.0,10004.997999999963,8004.997999999963,3625.3019999999924,50.27084367555331,2.208091353492752,20.327896043592332,145,23,24,False
S1_Micro_Survive,1.0,25.0,10.0,2.0,7883.974999999967,5883.974999999967,3369.3659999999945,71.33075520457885,1.7463151821440521,17.077385753589592,145,21,23,False
S1_Micro_Survive,1.5,15.0,5.0,1.0,8983.588999999969,6983.588999999969,1432.4900000000016,49.527386156229625,4.875139791551747,18.847702526240575,101,23,17,False
S1_Micro_Survive,1.5,15.0,5.0,2.0,4841.975999999992,2841.9759999999924,1106.4900000000016,35.85014536207028,2.568460627750805,10.697314398326663,101,22,17,False
S1_Micro_Survive,1.5,15.0,7.5,1.0,13383.681999999968,11383.681999999968,1463.4999999999982,28.13689232277018,7.778395626921751,24.420029620112494,101,20,19,False
S1_Micro_Survive,1.5,15.0,7.5,2.0,11344.72799999997,9344.72799999997,1275.3290000000006,25.577619279787694,7.3273076986408725,22.078603000202634,101,19,19,False
S1_Micro_Survive,1.5,15.0,10.0,1.0,11572.99299999997,9572.99299999997,1475.2969999999987,35.513256813130546,6.488858175675798,22.35845593605543,101,16,19,False
S1_Micro_Survive,1.5,15.0,10.0,2.0,9431.37399999997,7431.373999999971,1243.3610000000008,34.03187309299894,5.976843410723005,19.514049600650885,101,14,18,False
S1_Micro_Survive,1.5,20.0,5.0,1.0,9294.95899999997,7294.95899999997,1747.4900000000016,54.54618098073808,4.174535476597842,19.314071161210332,101,26,17,False
S1_Micro_Survive,1.5,20.0,5.0,2.0,5218.345999999994,3218.345999999994,1421.4900000000016,42.14568247578194,2.2640651710529025,11.653899090049368,101,25,17,False
S1_Micro_Survive,1.5,20.0,7.5,1.0,13543.76199999997,11543.76199999997,1788.4999999999982,23.851865524871815,6.454437797036612,24.590184693389826,101,24,19,True
S1_Micro_Survive,1.5,20.0,7.5,2.0,11584.807999999972,9584.807999999972,1600.3290000000006,29.878105587308003,5.989273455645663,22.372807745044,101,23,19,False
S1_Micro_Survive,1.5,20.0,10.0,1.0,11471.54099999997,9471.54099999997,1856.112999999994,33.04428394624454,5.102890287390909,22.234684488021948,101,18,19,False
S1_Micro_Survive,1.5,20.0,10.0,2.0,9392.921999999971,7392.921999999971,1650.176999999996,36.52176164736633,4.480078197672122,19.457941116567913,101,16,18,False
S1_Micro_Survive,1.5,25.0,5.0,1.0,9287.23899999997,7287.2389999999705,1956.4100000000017,57.45884814453562,3.7248015497773803,19.302676487041893,101,27,17,False
S1_Micro_Survive,1.5,25.0,5.0,2.0,5253.625999999994,3253.625999999994,1617.4100000000017,44.87817844667629,2.011627231190601,11.74040675150545,101,26,17,False
S1_Micro_Survive,1.5,25.0,7.5,1.0,13442.32699999997,11442.32699999997,1985.199999999999,24.959819995591914,5.7638157364497165,24.482573640356176,101,25,19,True
S1_Micro_Survive,1.5,25.0,7.5,2.0,11513.37299999997,9513.37299999997,1792.0290000000014,31.99218846236106,5.3087159861810065,22.285836447936582,101,24,19,False
S1_Micro_Survive,1.5,25.0,10.0,1.0,11232.605999999969,9232.605999999969,2172.8129999999946,30.856549571627866,4.249148914333627,21.9393116461972,101,19,19,False
S1_Micro_Survive,1.5,25.0,10.0,2.0,9183.986999999972,7183.986999999972,1961.8769999999968,41.77669404255093,3.6617927627470954,19.149465754073415,101,17,18,False
S2_Balanced_Alpha,0.5,15.0,5.0,1.0,13766.188999999957,11766.188999999957,4078.8000000000025,109.33895343631741,2.8847182994998404,24.823679592821012,190,35,27,False
S2_Balanced_Alpha,0.5,15.0,5.0,2.0,6746.232999999995,4746.232999999995,3457.496000000001,109.44975909945612,1.3727370906575145,14.998786502678719,190,31,25,False
S2_Balanced_Alpha,0.5,15.0,7.5,1.0,25137.641999999934,23137.641999999934,3927.1179999999895,68.08701353203324,5.8917613374489886,33.76906588850366,190,32,27,False
S2_Balanced_Alpha,0.5,15.0,7.5,2.0,21538.723999999936,19538.723999999936,3448.818000000001,59.682274015343786,5.665339255362252,31.414269700811825,190,30,27,False
S2_Balanced_Alpha,0.5,15.0,10.0,1.0,15055.337999999934,13055.337999999934,5002.337999999991,78.82377732260585,2.6098472354327034,26.114660866920158,190,26,27,False
S2_Balanced_Alpha,0.5,15.0,10.0,2.0,11813.82699999994,9813.82699999994,4565.433999999994,75.52850153403769,2.1495934450043417,22.648471220163046,190,24,19,False
S2_Balanced_Alpha,0.5,20.0,5.0,1.0,13666.426999999961,11666.426999999961,5051.832000000002,122.59680907654256,2.309345797722481,24.71936957084635,190,38,27,False
S2_Balanced_Alpha,0.5,20.0,5.0,2.0,6746.470999999996,4746.470999999996,4446.832000000002,126.05992707694892,1.0673825770795915,14.999252821393384,190,34,25,False
S2_Balanced_Alpha,0.5,20.0,7.5,1.0,24612.617999999937,22612.617999999937,5094.29799999999,63.30604133407549,4.438809429680004,33.44492065071012,190,36,27,False
S2_Balanced_Alpha,0.5,20.0,7.5,2.0,21135.699999999935,19135.699999999935,4648.461999999992,61.86792484220119,4.1165658663015785,31.129261043777912,190,34,27,False
S2_Balanced_Alpha,0.5,20.0,10.0,1.0,14142.409999999938,12142.409999999938,6229.017999999991,76.4487506568873,1.9493297338360487,25.21112647958388,190,28,27,False
S2_Balanced_Alpha,0.5,20.0,10.0,2.0,10996.898999999943,8996.898999999943,5818.113999999992,91.90656738382296,1.546360040384213,21.642429399609142,190,26,19,False
S2_Balanced_Alpha,0.5,25.0,5.0,1.0,13553.122999999958,11553.122999999958,5690.904000000002,122.47837922063616,2.0301033016898464,24.600079668641285,190,39,27,False
S2_Balanced_Alpha,0.5,25.0,5.0,2.0,6719.166999999994,4719.166999999994,5045.904000000002,123.09118434707003,0.935247083575112,14.945660264044513,190,35,25,False
S2_Balanced_Alpha,0.5,25.0,7.5,1.0,24129.669999999933,22129.669999999933,6005.017999999991,54.29370143298191,3.685196280843782,33.14130305607339,190,37,27,False
S2_Balanced_Alpha,0.5,25.0,7.5,2.0,20706.75199999993,18706.75199999993,5543.181999999993,68.77996927027257,3.374731697425766,30.820586062261878,190,35,27,False
S2_Balanced_Alpha,0.5,25.0,10.0,1.0,13406.961999999941,11406.961999999941,7239.737999999992,70.57483484598063,1.575604255292105,24.44488637064053,190,29,27,False
S2_Balanced_Alpha,0.5,25.0,10.0,2.0,10315.450999999943,8315.450999999943,6812.8339999999935,100.7258708128553,1.2205568196729806,20.751281911058527,190,27,19,False
S2_Balanced_Alpha,0.8,15.0,5.0,1.0,14545.475999999968,12545.475999999968,3584.8000000000025,90.4406357183492,3.499630662798471,25.616225750989873,159,32,23,False
S2_Balanced_Alpha,0.8,15.0,5.0,2.0,7687.168000000003,5687.168000000003,3009.496000000001,83.41371678656488,1.8897410064675286,16.73768530620674,159,28,22,False
S2_Balanced_Alpha,0.8,15.0,7.5,1.0,25202.70799999994,23202.70799999994,3379.153999999997,53.59266592209001,6.866425146649121,33.808818812677856,159,28,25,False
S2_Balanced_Alpha,0.8,15.0,7.5,2.0,22233.35199999994,20233.35199999994,3014.818000000001,46.32878945776021,6.71130131238434,31.894597089100785,159,26,25,False
S2_Balanced_Alpha,0.8,15.0,10.0,1.0,15329.625999999942,13329.625999999942,4290.3379999999925,62.41130029162461,3.106894142139842,26.37665219180927,159,21,25,False
S2_Balanced_Alpha,0.8,15.0,10.0,2.0,12026.114999999947,10026.114999999947,3861.433999999994,68.21114000666309,2.5964745221593746,22.899804045940076,159,19,17,False
S2_Balanced_Alpha,0.8,20.0,5.0,1.0,14619.25799999997,12619.25799999997,4437.832000000002,100.68775653604645,2.8435637040789206,25.689301976404355,159,35,23,False
S2_Balanced_Alpha,0.8,20.0,5.0,2.0,7860.950000000008,5860.950000000008,3868.8320000000017,96.23881196995116,1.5149145788703169,17.03803345421724,159,31,22,False
S2_Balanced_Alpha,0.8,20.0,7.5,1.0,24891.587999999945,22891.587999999945,4265.401999999989,47.63994652587379,5.366806692546214,33.617907915400465,159,32,25,False
S2_Balanced_Alpha,0.8,20.0,7.5,2.0,22044.231999999953,20044.231999999953,3827.5659999999916,50.85006153050253,5.23680897991047,31.765153444046177,159,30,25,False
S2_Balanced_Alpha,0.8,20.0,10.0,1.0,14617.025999999947,12617.025999999947,5370.1219999999885,59.49983267427462,2.3494859148451326,25.68709611985762,159,23,25,False
S2_Balanced_Alpha,0.8,20.0,10.0,2.0,11409.514999999952,9409.514999999952,4967.217999999992,82.81200349572343,1.894322938916707,22.15853470679887,159,21,17,False
S2_Balanced_Alpha,0.8,25.0,5.0,1.0,14345.80999999997,12345.80999999997,5126.904000000002,106.29798867667802,2.4080439189030973,25.416811727802234,159,36,23,False
S2_Balanced_Alpha,0.8,25.0,5.0,2.0,7653.502000000006,5653.502000000006,4537.904000000002,101.25504919274246,1.2458399296238976,16.678806341656415,159,32,22,False
S2_Balanced_Alpha,0.8,25.0,7.5,1.0,24340.49599999994,22340.49599999994,5134.12199999999,45.15506226439599,4.35137614571683,33.2744996421652,159,33,25,False
S2_Balanced_Alpha,0.8,25.0,7.5,2.0,21539.13999999995,19539.13999999995,4688.285999999993,58.877436034032684,4.167651034941123,31.414561438757758,159,31,25,False
S2_Balanced_Alpha,0.8,25.0,10.0,1.0,13843.433999999947,11843.433999999947,6308.8419999999915,62.51497637322599,1.8772754175805897,24.903987521876036,159,24,25,False
S2_Balanced_Alpha,0.8,25.0,10.0,2.0,10681.922999999952,8681.922999999952,5897.937999999993,93.30240516449577,1.4720268337849536,21.236787279985304,159,22,17,False
S2_Balanced_Alpha,1.0,15.0,5.0,1.0,14912.112999999963,12912.112999999963,3232.7200000000025,82.33581966766351,3.994194671979,25.97617352066561,145,31,22,False
S2_Balanced_Alpha,1.0,15.0,5.0,2.0,8005.403,6005.403,2677.416000000001,75.41868188514577,2.2429846538602884,17.28325226599603,145,27,21,False
S2_Balanced_Alpha,1.0,15.0,7.5,1.0,20639.523999999958,18639.523999999958,3177.073999999997,51.38040341013367,5.866883805665205,30.771696084043356,145,25,24,False
S2_Balanced_Alpha,1.0,15.0,7.5,2.0,17780.66799999996,15780.667999999961,2812.738000000001,44.71258251716856,5.610429410773401,28.549692868214205,145,24,24,False
S2_Balanced_Alpha,1.0,15.0,10.0,1.0,15674.549999999941,13674.549999999941,3888.2579999999925,66.01455369876032,3.516883396112081,26.70028625150218,145,20,24,False
S2_Balanced_Alpha,1.0,15.0,10.0,2.0,12349.038999999942,10349.038999999942,3435.353999999994,63.18891552006697,3.012510210010369,23.27469230115149,145,18,16,False
S2_Balanced_Alpha,1.0,20.0,5.0,1.0,15065.894999999966,13065.894999999966,4005.752000000002,91.66321134918465,3.2617833056065275,26.1248224555414,145,34,22,False
S2_Balanced_Alpha,1.0,20.0,5.0,2.0,8259.185000000005,6259.185000000005,3456.7520000000018,87.24351292770535,1.8107127731465844,17.704734175961036,145,30,21,False
S2_Balanced_Alpha,1.0,20.0,7.5,1.0,20408.403999999966,18408.403999999966,3936.8579999999965,45.51160346352125,4.675912618641562,30.60253738464873,145,29,24,False
S2_Balanced_Alpha,1.0,20.0,7.5,2.0,17671.54799999997,15671.54799999997,3572.521999999999,46.96075419624125,4.386690410863802,28.45876636504563,145,28,24,False
S2_Balanced_Alpha,1.0,20.0,10.0,1.0,15039.381999999947,13039.381999999947,4888.041999999989,63.180272391520354,2.667608420713238,26.099290521967976,145,22,24,False
S2_Balanced_Alpha,1.0,20.0,10.0,2.0,11809.870999999948,9809.870999999948,4461.137999999992,74.37136385960261,2.1989615654122256,22.643749796983627,145,20,16,False
S2_Balanced_Alpha,1.0,25.0,5.0,1.0,14872.446999999966,12872.446999999966,4614.824000000002,96.42944605804782,2.7893689986876984,25.937611467173728,145,35,22,False
S2_Balanced_Alpha,1.0,25.0,5.0,2.0,8131.737000000005,6131.737000000005,4045.8240000000014,91.45560435208343,1.515571858785751,17.49452340171036,145,31,21,False
S2_Balanced_Alpha,1.0,25.0,7.5,1.0,19937.31199999996,17937.31199999996,4712.54199999999,41.07047037274569,3.8062922303928532,30.25242487422681,145,30,24,False
S2_Balanced_Alpha,1.0,25.0,7.5,2.0,17246.45599999997,15246.45599999997,4178.205999999993,51.94776485806257,3.649043632602125,28.099743699800527,145,29,24,False
S2_Balanced_Alpha,1.0,25.0,10.0,1.0,14345.789999999946,12345.789999999946,5746.7619999999915,57.0303540025995,2.1483036882334723,25.41679163031816,145,23,24,False
S2_Balanced_Alpha,1.0,25.0,10.0,2.0,11162.278999999948,9162.278999999948,5311.857999999993,84.0272463098682,1.7248727281489753,21.851313725031176,145,21,16,False
S2_Balanced_Alpha,1.5,15.0,5.0,1.0,12922.834999999952,10922.834999999952,2295.5840000000026,67.2822427101602,4.7581944289557425,23.919920704328312,101,23,17,False
S2_Balanced_Alpha,1.5,15.0,5.0,2.0,6600.927999999987,4600.927999999987,1773.5840000000026,49.245424723420975,2.5941415799871788,14.711331769664726,101,22,17,False
S2_Balanced_Alpha,1.5,15.0,7.5,1.0,19790.998999999945,17790.998999999945,2277.5819999999985,40.264990595941136,7.811353883197161,30.142195458415767,101,20,19,False
S2_Balanced_Alpha,1.5,15.0,7.5,2.0,16708.142999999953,14708.142999999953,1979.246000000001,35.32095461061934,7.431184905767118,27.633685213303693,101,19,19,False
S2_Balanced_Alpha,1.5,15.0,10.0,1.0,16925.29099999995,14925.29099999995,2295.2659999999923,51.73234397056278,6.502641088222455,27.823263696981737,101,16,19,False
S2_Balanced_Alpha,1.5,15.0,10.0,2.0,13704.714999999953,11704.714999999953,1925.898000000002,49.532004779813676,6.077536297353204,24.759482513948594,101,14,12,False
S2_Balanced_Alpha,1.5,20.0,5.0,1.0,13396.440999999955,11396.440999999955,2788.5840000000026,71.5851559166807,4.08682004917189,24.43365751984925,101,26,17,False
S2_Balanced_Alpha,1.5,20.0,5.0,2.0,7174.53399999999,5174.53399999999,2286.5840000000026,55.50778961851892,2.262997554430532,15.815301686572436,101,25,17,False
S2_Balanced_Alpha,1.5,20.0,7.5,1.0,19999.45499999995,17999.45499999995,2797.5819999999985,34.490207941497545,6.43393294638011,30.29902573079064,101,24,19,False
S2_Balanced_Alpha,1.5,20.0,7.5,2.0,17038.598999999955,15038.598999999955,2499.246000000001,33.875394733524885,6.017254403928204,27.921332743286808,101,23,19,False
S2_Balanced_Alpha,1.5,20.0,10.0,1.0,16729.698999999953,14729.698999999953,2935.2659999999905,48.85497733650626,5.018181997815531,27.65260160188938,101,18,19,False
S2_Balanced_Alpha,1.5,20.0,10.0,2.0,13605.122999999956,11605.122999999956,2578.3619999999946,45.04669796790205,4.500967280777478,24.65493600546864,101,16,12,False
S2_Balanced_Alpha,1.5,25.0,5.0,1.0,13382.288999999953,11382.288999999953,3117.6560000000027,74.0465865697256,3.6509124162511655,24.418541059376953,101,27,17,False
S2_Balanced_Alpha,1.5,25.0,5.0,2.0,7226.38199999999,5226.38199999999,2595.6560000000027,57.934702329948706,2.0135110353606116,15.911197620073514,101,26,17,False
S2_Balanced_Alpha,1.5,25.0,7.5,1.0,19827.65899999995,17827.65899999995,3106.3019999999997,27.426588914342904,5.739190523007728,30.169881947580656,101,25,19,False
S2_Balanced_Alpha,1.5,25.0,7.5,2.0,16912.802999999956,14912.802999999956,2799.966000000002,36.11607641532239,5.326065745084028,27.8124197036983,101,24,19,False
S2_Balanced_Alpha,1.5,25.0,10.0,1.0,16335.402999999955,14335.402999999955,3433.9859999999917,42.59247348591267,4.174566524150066,27.30312481198427,101,19,19,False
S2_Balanced_Alpha,1.5,25.0,10.0,2.0,13256.826999999954,11256.826999999954,3069.081999999996,48.87569788140887,3.6678156530193617,24.28390655595498,101,17,12,False
S3_Heavy_Snowball,0.5,15.0,5.0,1.0,15981.384999999947,13981.384999999947,4925.980000000003,120.04074481125073,2.83829512097084,26.982927570774407,190,35,27,False
S3_Heavy_Snowball,0.5,15.0,5.0,2.0,7676.734999999993,5676.734999999993,4175.620000000001,122.10539859665428,1.3594951168928189,16.719463323047012,190,31,25,False
S3_Heavy_Snowball,0.5,15.0,7.5,1.0,29561.529999999926,27561.529999999926,4770.699999999988,80.32822849428372,5.777250717923994,36.28495683049331,190,32,27,False
S3_Heavy_Snowball,0.5,15.0,7.5,2.0,25296.46999999992,23296.46999999992,4194.654999999992,70.20795698021286,5.5538465022749115,33.86594447136155,190,30,27,False
S3_Heavy_Snowball,0.5,15.0,10.0,1.0,17587.569999999923,15587.569999999923,5999.56499999999,94.55771607463981,2.5981166967938427,28.38845095628768,190,26,27,False
S3_Heavy_Snowball,0.5,15.0,10.0,2.0,13710.24499999993,11710.24499999993,5505.934999999992,90.57100232278546,2.1268404004042814,24.76526789405358,190,24,19,False
S3_Heavy_Snowball,0.5,20.0,5.0,1.0,15849.484999999953,13849.484999999953,6146.020000000002,134.28845485750745,2.253407082957743,26.862021526243996,190,38,27,False
S3_Heavy_Snowball,0.5,20.0,5.0,2.0,7664.8349999999955,5664.8349999999955,5401.020000000002,140.17027472078274,1.0488454032756762,16.698652342296903,190,34,25,False
S3_Heavy_Snowball,0.5,20.0,7.5,1.0,28924.40999999993,26924.40999999993,6236.5499999999865,74.18596943163689,4.317196206235818,35.94407652886049,190,36,27,False
S3_Heavy_Snowball,0.5,20.0,7.5,2.0,24804.349999999926,22804.349999999926,5705.50499999999,65.63762952361994,3.9969029910586293,33.56399745528389,190,34,27,False
S3_Heavy_Snowball,0.5,20.0,10.0,1.0,16491.409999999927,14491.409999999927,7527.914999999986,91.26469051560811,1.9250230641552082,27.442282017970943,190,28,27,False
S3_Heavy_Snowball,0.5,20.0,10.0,2.0,12729.084999999934,10729.084999999934,7079.284999999991,98.21161885881283,1.5155605403652979,23.704937282615933,190,26,19,False
S3_Heavy_Snowball,0.5,25.0,5.0,1.0,15736.604999999949,13736.604999999949,6919.860000000002,132.11663920545132,1.9850986869676472,26.75784089927944,190,39,27,False
S3_Heavy_Snowball,0.5,25.0,5.0,2.0,7656.954999999993,5656.954999999993,6124.860000000002,134.04827380177247,0.9236056007810776,16.684855882462667,190,35,25,False
S3_Heavy_Snowball,0.5,25.0,7.5,1.0,28327.599999999926,26327.599999999926,7374.94999999999,62.99071537354608,3.5698682702933526,35.618680810672856,190,37,27,False
S3_Heavy_Snowball,0.5,25.0,7.5,2.0,24272.53999999992,22272.53999999992,6823.904999999993,72.75712174619524,3.2638994827741508,33.231677994872236,190,35,27,False
S3_Heavy_Snowball,0.5,25.0,10.0,1.0,15582.099999999919,13582.099999999919,8791.31499999999,83.7386142602654,1.5449452101306727,26.614165769737674,190,29,27,False
S3_Heavy_Snowball,0.5,25.0,10.0,2.0,11884.774999999929,9884.774999999929,8322.684999999992,107.28863255636487,1.1876906310883972,22.732909827950753,190,27,19,False
S3_Heavy_Snowball,0.8,15.0,5.0,1.0,16925.45499999996,14925.454999999962,4320.980000000003,98.70524435428952,3.454182847409604,27.82340605977187,159,32,23,False
S3_Heavy_Snowball,0.8,15.0,5.0,2.0,8800.200000000004,6800.200000000004,3615.6200000000013,92.04383742983309,1.8807839319397508,18.566284944545373,159,28,22,False
S3_Heavy_Snowball,0.8,15.0,7.5,1.0,29695.409999999923,27695.409999999923,4071.0449999999983,61.72113960137157,6.803022319822045,36.35575934361916,159,28,25,False
S3_Heavy_Snowball,0.8,15.0,7.5,2.0,26197.724999999933,24197.724999999933,3625.0,53.02132665498331,6.6752344827586025,34.40568953655192,159,26,25,False
S3_Heavy_Snowball,0.8,15.0,10.0,1.0,17942.78999999993,15942.789999999932,5109.56499999999,74.23201093715231,3.1201853778159125,28.68387657805833,159,21,25,False
S3_Heavy_Snowball,0.8,15.0,10.0,2.0,13990.464999999942,11990.464999999942,4625.934999999992,72.43614185218958,2.5920089668358854,25.05575882844775,159,19,17,False
S3_Heavy_Snowball,0.8,20.0,5.0,1.0,17010.484999999968,15010.484999999968,5391.020000000001,109.62415586052883,2.784349714896247,27.897053798476644,159,35,23,False
S3_Heavy_Snowball,0.8,20.0,5.0,2.0,9005.230000000009,7005.230000000009,4691.020000000002,105.92605304634854,1.4933276771363169,18.880575309126012,159,31,22,False
S3_Heavy_Snowball,0.8,20.0,7.5,1.0,29325.669999999933,27325.669999999933,5200.429999999988,54.272690037148216,5.254502031562774,36.159528843968914,159,32,25,False
S3_Heavy_Snowball,0.8,20.0,7.5,2.0,25972.984999999935,23972.984999999935,4679.384999999991,53.52490064278344,5.12310592097038,34.27265338022083,159,30,25,False
S3_Heavy_Snowball,0.8,20.0,10.0,1.0,17097.039999999935,15097.039999999935,6454.294999999987,70.30929575608805,2.339068790627011,27.971688509623704,159,23,25,False
S3_Heavy_Snowball,0.8,20.0,10.0,2.0,13259.714999999946,11259.714999999946,6015.66499999999,88.26829126930139,1.8717323853638732,24.287018353822276,159,21,17,False
S3_Heavy_Snowball,0.8,25.0,5.0,1.0,16684.924999999967,14684.924999999967,6239.860000000002,114.68201675791782,2.3534061661639782,27.61328616533829,159,36,23,False
S3_Heavy_Snowball,0.8,25.0,5.0,2.0,8759.67000000001,6759.670000000009,5514.8600000000015,110.14607957881748,1.2257192385663476,18.503390422555533,159,32,22,False
S3_Heavy_Snowball,0.8,25.0,7.5,1.0,28643.679999999928,26643.679999999928,6286.329999999987,47.22982610554321,4.238352106873164,35.791763143324395,159,33,25,False
S3_Heavy_Snowball,0.8,25.0,7.5,2.0,25345.994999999937,23345.994999999937,5755.284999999993,61.94236470353345,4.056444641751011,33.896042597216706,159,31,25,False
S3_Heavy_Snowball,0.8,25.0,10.0,1.0,16140.049999999937,14140.049999999937,7627.694999999987,65.15182057420962,1.8537775828739824,27.127203011450195,159,24,25,False
S3_Heavy_Snowball,0.8,25.0,10.0,2.0,12357.724999999944,10357.724999999944,7179.064999999991,99.34201559097853,1.4427679649090732,23.28465566971767,159,22,17,False
S3_Heavy_Snowball,1.0,15.0,5.0,1.0,17362.329999999954,15362.329999999954,3893.380000000003,90.08418682835345,3.945756643327891,28.19837787236723,145,31,22,False
S3_Heavy_Snowball,1.0,15.0,5.0,2.0,9175.02,7175.02,3213.0200000000013,83.55554862080872,2.2331077926685787,19.136088207307612,145,27,21,False
S3_Heavy_Snowball,1.0,15.0,7.5,1.0,24261.28999999995,22261.28999999995,3818.444999999996,59.16547638841874,5.8299360079823,33.224578709477946,145,25,24,False
S3_Heavy_Snowball,1.0,15.0,7.5,2.0,20908.604999999956,18908.604999999956,3372.4000000000005,51.23318229070023,5.6068689953742,30.966539381624525,145,24,24,False
S3_Heavy_Snowball,1.0,15.0,10.0,1.0,18338.94499999993,16338.94499999993,4631.964999999987,78.17771522663931,3.527432741827707,29.007302203137854,145,20,24,False
S3_Heavy_Snowball,1.0,15.0,10.0,2.0,14386.619999999937,12386.619999999937,4093.3349999999914,74.78879023351682,3.0260459991669295,25.457769085673654,145,18,16,False
S3_Heavy_Snowball,1.0,20.0,5.0,1.0,17547.35999999996,15547.35999999996,4863.420000000002,100.02910321976204,3.1967956705363623,28.354677559379503,145,34,22,False
S3_Heavy_Snowball,1.0,20.0,5.0,2.0,9480.050000000007,7480.050000000007,4188.420000000002,96.37857241474495,1.7858882347042568,19.584787117046275,145,30,21,False
S3_Heavy_Snowball,1.0,20.0,7.5,1.0,23991.549999999952,21991.549999999952,4780.329999999985,51.84311164442702,4.6004250752563145,33.05348144360802,145,29,24,False
S3_Heavy_Snowball,1.0,20.0,7.5,2.0,20783.864999999958,18783.864999999958,4322.129999999997,48.91016337789094,4.345974091478038,30.876491985060305,145,28,24,False
S3_Heavy_Snowball,1.0,20.0,10.0,1.0,17589.984999999935,15589.984999999935,5876.694999999985,74.37972705199401,2.6528490929000017,28.3904771996917,145,22,24,False
S3_Heavy_Snowball,1.0,20.0,10.0,2.0,13752.659999999942,11752.659999999942,5383.06499999999,78.98210709333794,2.1832654816540327,24.80957311309293,145,20,16,False
S3_Heavy_Snowball,1.0,25.0,5.0,1.0,17321.79999999996,15321.79999999996,5612.260000000002,104.21472586873288,2.7300588354780344,28.16394439068659,145,35,22,False
S3_Heavy_Snowball,1.0,25.0,5.0,2.0,9334.490000000005,7334.490000000005,4912.260000000002,99.75995515913604,1.4930988994882197,19.372287753543315,145,31,21,False
S3_Heavy_Snowball,1.0,25.0,7.5,1.0,23409.559999999947,21409.559999999947,5766.229999999989,42.92101352374831,3.712921614295647,32.67844538062026,145,30,24,False
S3_Heavy_Snowball,1.0,25.0,7.5,2.0,20256.87499999996,18256.87499999996,5135.184999999989,54.71236556132483,3.5552516608457148,30.490709432824325,145,29,24,False
S3_Heavy_Snowball,1.0,25.0,10.0,1.0,16732.99499999993,14732.99499999993,6950.094999999988,66.60513442071303,2.1198264196388616,27.655492092963808,145,23,24,False
S3_Heavy_Snowball,1.0,25.0,10.0,2.0,12950.66999999994,10950.66999999994,6446.464999999991,89.2002308024397,1.6987092926123006,23.950571496427877,145,21,16,False
S3_Heavy_Snowball,1.5,15.0,5.0,1.0,15018.389999999941,13018.389999999941,2751.980000000003,74.07363543501744,4.730554001119168,26.079047020836434,101,23,17,False
S3_Heavy_Snowball,1.5,15.0,5.0,2.0,7502.834999999985,5502.834999999985,2121.980000000003,56.507710312288886,2.5932548845889105,16.412461214292605,101,22,17,False
S3_Heavy_Snowball,1.5,15.0,7.5,1.0,23270.169999999936,21270.169999999936,2719.704999999998,46.46002980074446,7.820763648998678,32.58739817181435,101,20,19,False
S3_Heavy_Snowball,1.5,15.0,7.5,2.0,19642.48499999994,17642.48499999994,2353.6600000000017,40.63923974639842,7.4957661684355115,30.029567767601705,101,19,19,False
S3_Heavy_Snowball,1.5,15.0,10.0,1.0,19883.339999999942,17883.339999999942,2688.569999999998,61.25366225362551,6.651617774504646,30.211846997915327,101,16,19,False
S3_Heavy_Snowball,1.5,15.0,10.0,2.0,16070.379999999943,14070.379999999943,2269.9400000000023,58.60502263568158,6.198569125175084,27.064006772611027,101,14,12,False
S3_Heavy_Snowball,1.5,20.0,5.0,1.0,15603.199999999946,13603.199999999946,3371.980000000003,78.32697058423842,4.034187628633602,26.633860925136,101,26,17,False
S3_Heavy_Snowball,1.5,20.0,5.0,2.0,8207.644999999988,6207.644999999988,2761.980000000003,61.03074650512463,2.2475343775117778,17.62007300507289,101,25,17,False
S3_Heavy_Snowball,1.5,20.0,7.5,1.0,23549.899999999932,21549.899999999932,3369.704999999998,39.27557027877673,6.3951888963573795,32.769629662368914,101,24,19,False
S3_Heavy_Snowball,1.5,20.0,7.5,2.0,20067.21499999995,18067.21499999995,3003.6600000000026,35.201113812434414,6.015066618725133,30.349692930063643,101,23,19,False
S3_Heavy_Snowball,1.5,20.0,10.0,1.0,19683.849999999944,17683.849999999944,3445.7249999999894,57.38257358124592,5.132112980577381,30.061013019937867,101,18,19,False
S3_Heavy_Snowball,1.5,20.0,10.0,2.0,15985.889999999948,13985.889999999948,3037.094999999994,52.900260381648515,4.605022233417123,26.987041457168992,101,16,12,False
S3_Heavy_Snowball,1.5,25.0,5.0,1.0,15601.759999999944,13601.759999999944,3770.8200000000033,80.18917979204244,3.607109329005344,26.63251755048246,101,27,17,False
S3_Heavy_Snowball,1.5,25.0,5.0,2.0,8286.204999999987,6286.204999999987,3135.8200000000033,62.99414116841139,2.0046447181279476,17.748931392632315,101,26,17,False
S3_Heavy_Snowball,1.5,25.0,7.5,1.0,23342.029999999937,21342.029999999937,3755.6049999999996,28.387863138874426,5.682714236454563,32.63439601276665,101,25,19,False
S3_Heavy_Snowball,1.5,25.0,7.5,2.0,19914.344999999947,17914.344999999947,3379.5600000000013,37.526128748035305,5.300792114949857,30.23516944660354,101,24,19,False
S3_Heavy_Snowball,1.5,25.0,10.0,1.0,19200.97999999994,17200.97999999994,4069.124999999991,49.43665472741415,4.227193807022389,29.690238018780434,101,19,19,False
S3_Heavy_Snowball,1.5,25.0,10.0,2.0,15558.019999999946,13558.019999999946,3650.4949999999953,50.854306148775244,3.7140223449148575,26.591660162905217,101,17,12,False
S4_Ruthless_Alpha,0.5,15.0,5.0,1.0,22519.299999999927,20519.299999999927,6431.100000000004,144.4045509966253,3.1906361275675876,32.08847616772195,190,15,55,False
S4_Ruthless_Alpha,0.5,15.0,5.0,2.0,11417.589999999986,9417.589999999986,5431.100000000004,154.29436698144286,1.734011526210156,22.168469159105086,190,31,29,False
S4_Ruthless_Alpha,0.5,15.0,7.5,1.0,41996.45999999989,39996.45999999989,5983.809999999985,107.47065370319866,6.6841126305815175,41.8975907265986,190,17,38,False
S4_Ruthless_Alpha,0.5,15.0,7.5,2.0,36404.63999999988,34404.63999999988,5041.27999999999,96.02768658120954,6.824584232575845,39.58609397696327,190,29,27,False
S4_Ruthless_Alpha,0.5,15.0,10.0,1.0,24466.229999999894,22466.229999999894,7778.179999999986,108.9096271698367,2.8883659159340533,33.35345114962098,190,16,35,False
S4_Ruthless_Alpha,0.5,15.0,10.0,2.0,19667.4799999999,17667.4799999999,6803.339999999989,104.73786747988187,2.5968832955577597,30.04857571167332,190,24,19,False
S4_Ruthless_Alpha,0.5,20.0,5.0,1.0,22312.909999999927,20312.909999999927,7591.140000000003,150.40359170863735,2.6758708178218185,31.948759745571607,190,16,54,False
S4_Ruthless_Alpha,0.5,20.0,5.0,2.0,11361.199999999986,9361.199999999986,6651.140000000003,161.6862074917163,1.4074579696112217,22.098963745044276,190,34,29,False
S4_Ruthless_Alpha,0.5,20.0,7.5,1.0,41075.62999999989,39075.62999999989,7382.159999999987,105.30774238256286,5.293251568646569,41.53645152449768,190,18,38,False
S4_Ruthless_Alpha,0.5,20.0,7.5,2.0,35673.80999999989,33673.80999999989,6469.629999999988,91.36446331109813,5.204905071851087,39.26110199715804,190,33,27,False
S4_Ruthless_Alpha,0.5,20.0,10.0,1.0,23032.999999999898,21032.999999999898,9381.529999999984,111.26792292256818,2.2419584012415816,32.43136743797375,190,16,35,False
S4_Ruthless_Alpha,0.5,20.0,10.0,2.0,18384.249999999898,16384.249999999898,8376.68999999999,104.59310741864046,1.9559336683105044,29.043894739967957,190,26,19,False
S4_Ruthless_Alpha,0.5,25.0,5.0,1.0,22025.029999999922,20025.029999999922,8454.980000000003,150.36047475254048,2.3684302032648112,31.751955682431298,190,16,54,False
S4_Ruthless_Alpha,0.5,25.0,5.0,2.0,11203.319999999985,9203.319999999985,7454.980000000003,156.6313763638311,1.2345197438490756,21.902726429689178,190,35,29,False
S4_Ruthless_Alpha,0.5,25.0,7.5,1.0,40306.31999999988,38306.31999999988,8595.559999999985,98.19575397408761,4.456524065913094,41.22920041985883,190,18,38,False
S4_Ruthless_Alpha,0.5,25.0,7.5,2.0,34984.49999999988,32984.49999999988,7663.02999999999,81.77286129524734,4.304367854490969,38.94912773137988,190,34,27,False
S4_Ruthless_Alpha,0.5,25.0,10.0,1.0,21888.689999999886,19888.689999999886,10744.929999999986,109.41816467604222,1.850983673230064,31.6579536390037,190,16,35,False
S4_Ruthless_Alpha,0.5,25.0,10.0,2.0,17319.9399999999,15319.9399999999,9720.089999999991,100.2402933581416,1.5761109207836466,28.162362461006076,190,27,19,False
S4_Ruthless_Alpha,0.8,15.0,5.0,1.0,23722.969999999943,21722.969999999943,5731.100000000003,117.76466453748118,3.7903665962904034,32.881419936789726,159,14,50,False
S4_Ruthless_Alpha,0.8,15.0,5.0,2.0,12857.93,10857.93,4781.100000000004,113.02035316644165,2.2710108552425154,23.848222302912237,159,28,25,False
S4_Ruthless_Alpha,0.8,15.0,7.5,1.0,41876.589999999895,39876.589999999895,5093.809999999985,90.38535613889842,7.828440793826235,41.850978184550705,159,14,35,False
S4_Ruthless_Alpha,0.8,15.0,7.5,2.0,37323.82999999989,35323.82999999989,4295.940000000002,80.18607184372863,8.222607857651614,39.98674660991557,159,25,25,False
S4_Ruthless_Alpha,0.8,15.0,10.0,1.0,24817.4099999999,22817.4099999999,6838.179999999986,91.23471571543564,3.3367665080474556,33.57207881266619,159,12,32,False
S4_Ruthless_Alpha,0.8,15.0,10.0,2.0,19928.65999999991,17928.65999999991,5873.33999999999,87.09756604951086,3.05254931606206,30.24592657228704,159,19,17,False
S4_Ruthless_Alpha,0.8,20.0,5.0,1.0,23733.509999999947,21733.509999999947,6741.140000000002,121.9502223315685,3.2240110723112028,32.88820464517925,159,15,49,False
S4_Ruthless_Alpha,0.8,20.0,5.0,2.0,13018.470000000005,11018.470000000005,5851.140000000002,119.63368555351946,1.8831321759520367,24.024986879912525,159,31,25,False
S4_Ruthless_Alpha,0.8,20.0,7.5,1.0,41223.1399999999,39223.1399999999,6308.5399999999845,86.89158068138016,6.217467116004653,41.59478221348101,159,15,35,False
S4_Ruthless_Alpha,0.8,20.0,7.5,2.0,36860.3799999999,34860.3799999999,5406.009999999986,74.28200980352277,6.448449040974766,39.78584523944642,159,29,25,False
S4_Ruthless_Alpha,0.8,20.0,10.0,1.0,23634.58999999991,21634.58999999991,8257.909999999982,92.89257301622366,2.619862652898852,32.82442358875974,159,12,32,False
S4_Ruthless_Alpha,0.8,20.0,10.0,2.0,18895.839999999916,16895.839999999916,7263.069999999989,86.25462866652768,2.3262669917817043,29.451655864111935,159,21,17,False
S4_Ruthless_Alpha,0.8,25.0,5.0,1.0,23277.94999999995,21277.94999999995,7634.980000000003,127.97357049711162,2.7869031745990087,32.592492639250395,159,15,49,False
S4_Ruthless_Alpha,0.8,25.0,5.0,2.0,12662.910000000003,10662.910000000003,6714.980000000003,124.37082805473393,1.5879287801303947,23.630846224600056,159,32,25,False
S4_Ruthless_Alpha,0.8,25.0,7.5,1.0,40406.14999999989,38406.14999999989,7431.939999999986,79.31066982469626,5.167715293718728,41.2693626335102,159,15,35,False
S4_Ruthless_Alpha,0.8,25.0,7.5,2.0,36113.3899999999,34113.3899999999,6519.409999999987,64.32403651527805,5.232588531784312,39.45727652721147,159,30,25,False
S4_Ruthless_Alpha,0.8,25.0,10.0,1.0,22492.599999999904,20492.599999999904,9481.309999999983,90.38951720225077,2.161367996616495,32.070465491059785,159,12,32,False
S4_Ruthless_Alpha,0.8,25.0,10.0,2.0,17823.84999999991,15823.849999999911,8476.46999999999,91.25542458441565,1.866797145509856,28.58553882573911,159,22,17,False
S4_Ruthless_Alpha,1.0,15.0,5.0,1.0,24325.42999999993,22325.42999999993,5258.500000000004,112.81847074773508,4.245589046305965,33.26501512262718,145,13,46,False
S4_Ruthless_Alpha,1.0,15.0,5.0,2.0,13397.649999999994,11397.649999999994,4338.500000000004,103.86765540548075,2.6270946179555112,24.43494825796577,145,27,24,False
S4_Ruthless_Alpha,1.0,15.0,7.5,1.0,34041.21999999993,32041.21999999993,4720.869999999995,84.40042532347297,6.787143047785675,38.513273518117394,145,12,33,False
S4_Ruthless_Alpha,1.0,15.0,7.5,2.0,29573.45999999993,27573.45999999993,4043.34,75.22560223400762,6.819475977780728,36.29127752290715,145,23,24,False
S4_Ruthless_Alpha,1.0,15.0,10.0,1.0,25471.399999999892,23471.399999999892,6265.579999999984,93.6548152685358,3.746085757423886,33.97202359873628,145,12,30,False
S4_Ruthless_Alpha,1.0,15.0,10.0,2.0,20522.649999999907,18522.649999999907,5290.739999999989,90.07513354201552,3.500956387953282,30.686365731427866,145,18,16,False
S4_Ruthless_Alpha,1.0,20.0,5.0,1.0,24435.96999999994,22435.96999999994,6168.540000000003,114.94765930019794,3.6371604950279854,33.33448301184523,145,14,45,False
S4_Ruthless_Alpha,1.0,20.0,5.0,2.0,13658.189999999999,11658.189999999999,5308.540000000003,108.16096169519113,2.196119837092683,24.710726967173645,145,30,24,False
S4_Ruthless_Alpha,1.0,20.0,7.5,1.0,33487.76999999994,31487.76999999994,5790.939999999979,81.00500591390795,5.437419486301025,38.2525435625249,145,13,33,False
S4_Ruthless_Alpha,1.0,20.0,7.5,2.0,29210.009999999933,27210.009999999933,4993.07,69.46367159454674,5.449555083345504,36.097695428277945,145,27,24,False
S4_Ruthless_Alpha,1.0,20.0,10.0,1.0,24385.3699999999,22385.3699999999,7585.309999999983,95.2354436220015,2.9511476788687543,33.302718479569315,145,12,30,False
S4_Ruthless_Alpha,1.0,20.0,10.0,2.0,19586.619999999908,17586.619999999908,6580.469999999987,89.26930741113436,2.6725477055590168,29.98700660598923,145,20,16,False
S4_Ruthless_Alpha,1.0,25.0,5.0,1.0,24080.409999999934,22080.409999999934,6962.380000000003,115.9252870501104,3.1713882321849605,33.1100329576961,145,14,45,False
S4_Ruthless_Alpha,1.0,25.0,5.0,2.0,13402.629999999997,11402.629999999997,6072.380000000003,112.11348010073299,1.8777859751860049,24.44026385936231,145,31,24,False
S4_Ruthless_Alpha,1.0,25.0,7.5,1.0,32770.77999999993,30770.779999999933,6814.33999999998,73.63751130014386,4.5155921189726405,37.90903947433031,145,13,33,False
S4_Ruthless_Alpha,1.0,25.0,7.5,2.0,28563.019999999928,26563.019999999928,5786.809999999989,59.74542151422241,4.59026994147034,35.74775577508851,145,28,24,False
S4_Ruthless_Alpha,1.0,25.0,10.0,1.0,23343.379999999903,21343.379999999903,8708.709999999985,92.84898913765464,2.45080844350081,32.6352777129721,145,12,30,False
S4_Ruthless_Alpha,1.0,25.0,10.0,2.0,18614.62999999991,16614.62999999991,7693.869999999988,84.49639844244066,2.159463313001121,29.228745348369635,145,21,16,False
S4_Ruthless_Alpha,1.5,15.0,5.0,1.0,20917.48999999991,18917.48999999991,3846.980000000003,91.09849202440023,4.917491122906772,30.972935136614787,101,9,35,False
S4_Ruthless_Alpha,1.5,15.0,5.0,2.0,10774.019999999971,8774.019999999971,3036.980000000003,75.41711279240447,2.889060843337777,21.356477866748925,101,22,19,False
S4_Ruthless_Alpha,1.5,15.0,7.5,1.0,32343.09999999991,30343.09999999991,3434.5899999999965,65.33999822303952,8.834562495086733,37.700960955066165,101,10,24,False
S4_Ruthless_Alpha,1.5,15.0,7.5,2.0,27555.339999999916,25555.339999999916,2857.0600000000013,58.662489521727245,8.944628394223399,35.18849854903987,101,19,19,False
S4_Ruthless_Alpha,1.5,15.0,10.0,1.0,27439.74999999992,25439.74999999992,3954.2999999999847,73.0951055034124,6.433439546822451,35.12319413196887,101,10,22,False
S4_Ruthless_Alpha,1.5,15.0,10.0,2.0,22626.439999999915,20626.439999999915,3079.45999999999,70.2497042815158,6.698070440921454,32.16055866555874,101,14,12,False
S4_Ruthless_Alpha,1.5,20.0,5.0,1.0,21427.809999999918,19427.809999999918,4406.980000000003,89.33309008351556,4.408418009612003,31.336307978457036,101,10,34,False
S4_Ruthless_Alpha,1.5,20.0,5.0,2.0,11434.339999999975,9434.339999999975,3656.980000000003,77.46420948882857,2.5798172262358467,22.18905641530402,101,25,19,False
S4_Ruthless_Alpha,1.5,20.0,7.5,1.0,32339.119999999915,30339.119999999915,4084.5899999999965,62.05648416766788,7.427702658039103,37.6990131620788,101,11,24,False
S4_Ruthless_Alpha,1.5,20.0,7.5,2.0,27741.35999999992,25741.35999999992,3507.0600000000013,53.06120083903445,7.339868721949414,35.29308622006055,101,23,19,False
S4_Ruthless_Alpha,1.5,20.0,10.0,1.0,26903.189999999915,24903.189999999915,4824.299999999985,74.72104905878186,5.162031797359201,34.816830562768075,101,10,22,False
S4_Ruthless_Alpha,1.5,20.0,10.0,2.0,22239.879999999917,20239.879999999917,3919.45999999999,69.43673250383107,5.163946053793117,31.89904777076864,101,16,12,False
S4_Ruthless_Alpha,1.5,25.0,5.0,1.0,21296.369999999915,19296.369999999915,4850.820000000003,92.47407350922659,3.977960427309177,31.24345471649004,101,10,34,False
S4_Ruthless_Alpha,1.5,25.0,5.0,2.0,11402.899999999974,9402.899999999974,4070.8200000000033,73.34453999535135,2.309829469246974,22.15039181470475,101,26,19,False
S4_Ruthless_Alpha,1.5,25.0,7.5,1.0,31996.249999999913,29996.249999999913,4507.989999999998,54.91001240009431,6.654018753369002,37.53041246996549,101,11,24,False
S4_Ruthless_Alpha,1.5,25.0,7.5,2.0,27468.489999999918,25468.489999999918,3920.4600000000028,43.596954444139726,6.49630145442114,35.13945396399658,101,24,19,False
S4_Ruthless_Alpha,1.5,25.0,10.0,1.0,26235.319999999912,24235.319999999912,5497.699999999986,72.28213372572765,4.40826527456936,34.42784543026309,101,10,22,False
S4_Ruthless_Alpha,1.5,25.0,10.0,2.0,21642.009999999915,19642.009999999915,4582.8599999999915,64.55890183772264,4.285972078571013,31.486550832665827,101,17,12,False
