LotBudget,StepUSD,FreeRollUSD,CashflowUSD,Donchian,TRIX,ProfitUSD,ProfitPct,MaxDD_Pct,ProfitFactor,WinRatePct,Trades,Harvests
0.08,1200,100,400,25,True,936.89,18.7,4.8,5.56,12.0,50,2
0.1,1200,100,400,25,True,959.01,19.2,5.7,5.12,12.0,50,2
0.08,1000,80,400,25,True,989.68,19.8,5.6,4.99,16.3,49,2
0.08,1000,100,400,25,True,989.68,19.8,5.6,4.99,16.3,49,2
0.08,1200,40,400,15,True,919.3,18.4,3.9,4.92,16.1,56,2
0.06,1200,80,300,25,True,713.02,14.3,4.0,4.91,16.0,50,2
0.1,1200,40,400,20,True,950.24,19.0,4.4,4.78,15.4,52,2
0.08,1200,100,300,25,True,776.2,15.5,4.9,4.78,12.0,50,2
0.08,1200,100,250,25,True,742.8,14.9,5.0,4.59,11.8,51,3
0.08,1200,40,400,20,True,888.97,17.8,4.3,4.51,15.4,52,2
0.06,1000,80,300,25,True,757.36,15.1,4.7,4.48,16.3,49,2
0.06,1000,100,300,25,True,757.36,15.1,4.7,4.48,16.3,49,2
0.08,1000,40,400,15,True,986.67,19.7,5.6,4.45,17.9,56,2
0.08,1000,40,400,25,True,967.58,19.4,3.8,4.45,17.6,51,2
0.06,500,60,400,20,True,929.33,18.6,4.2,4.29,17.6,51,2
0.06,750,40,400,15,True,877.76,17.6,4.0,4.28,14.3,56,2
0.08,1200,80,400,25,True,867.07,17.3,6.0,4.27,10.2,49,2
0.06,1000,100,300,20,True,747.78,15.0,5.4,4.25,17.3,52,2
0.06,1200,80,250,25,True,593.39,11.9,4.1,4.25,16.0,50,2
0.08,1200,40,300,15,True,758.61,15.2,4.0,4.23,16.1,56,2
0.06,1200,80,400,25,True,507.19,10.1,5.9,4.16,16.3,49,1
0.08,1200,40,250,15,True,726.57,14.5,4.1,4.09,15.8,57,3
0.06,1200,80,200,25,True,567.03,11.3,4.1,4.08,15.7,51,3
0.1,1000,40,400,15,True,990.59,19.8,6.6,4.07,19.3,57,2
0.08,750,40,400,20,True,1034.63,20.7,6.7,4.05,11.3,53,2
0.08,1200,60,400,20,True,851.52,17.0,4.5,4.03,13.5,52,2
0.08,1200,60,400,15,True,851.3,17.0,4.5,4.01,12.5,56,2
0.06,1000,80,400,25,True,586.33,11.7,6.4,3.99,16.7,48,1
0.06,1000,100,400,25,True,586.33,11.7,6.4,3.99,16.7,48,1
0.08,1200,100,400,15,True,852.83,17.1,5.3,3.93,14.0,57,2
0.06,1200,60,300,25,True,659.74,13.2,4.9,3.92,14.3,49,2
0.08,500,80,400,20,True,1042.14,20.8,5.3,3.91,17.6,51,2
0.08,1200,100,400,20,True,850.27,17.0,5.3,3.91,15.1,53,2
0.08,1200,40,300,20,True,728.27,14.6,4.5,3.87,15.4,52,2
0.1,1000,40,300,15,True,952.15,19.0,4.6,3.86,18.6,59,4
0.1,500,80,250,20,True,1321.59,26.4,3.9,3.85,18.2,55,6
0.1,500,100,250,20,True,1308.56,26.2,4.0,3.82,18.2,55,6
0.06,1200,100,300,25,True,653.34,13.1,5.0,3.81,14.3,49,2
0.1,1200,80,200,15,True,892.48,17.8,5.2,3.79,12.1,58,5
0.06,1000,40,400,15,True,579.97,11.6,6.5,3.77,14.8,54,1
0.06,1000,100,400,20,True,576.75,11.5,6.6,3.77,17.6,51,1
0.08,1200,40,250,20,True,696.24,13.9,4.5,3.74,15.1,53,3
0.08,1000,40,250,15,True,806.94,16.1,4.0,3.73,18.6,59,4
0.08,1000,40,400,20,True,908.73,18.2,5.2,3.72,17.0,53,2
0.06,500,40,400,20,True,895.31,17.9,5.0,3.72,17.3,52,2
0.06,750,40,150,15,True,803.89,16.1,2.4,3.72,15.0,60,6
0.08,1000,40,300,15,True,776.28,15.5,5.8,3.72,19.3,57,2
0.08,1000,60,400,25,True,904.3,18.1,5.5,3.71,16.0,50,2
0.06,750,40,300,15,True,724.04,14.5,4.2,3.71,14.3,56,2
0.06,1000,80,400,15,True,574.06,11.5,6.6,3.71,16.4,55,1
0.06,1000,100,400,15,True,574.06,11.5,6.6,3.71,16.4,55,1
0.08,1000,80,400,20,True,906.1,18.1,6.2,3.7,17.3,52,2
0.08,1000,100,400,20,True,906.1,18.1,6.2,3.7,17.3,52,2
0.06,1200,80,300,15,True,653.33,13.1,4.3,3.68,15.8,57,2
0.06,1200,100,300,15,True,646.47,12.9,5.7,3.68,14.3,56,2
0.08,1000,60,400,20,True,903.2,18.1,5.3,3.67,17.3,52,2
0.06,1000,40,300,25,True,694.91,13.9,5.8,3.67,12.2,49,2
0.06,1200,80,300,20,True,651.84,13.0,4.3,3.67,17.0,53,2
0.08,1200,80,300,25,True,706.37,14.1,6.1,3.66,10.2,49,2
0.06,1200,40,300,20,True,644.19,12.9,3.8,3.66,15.4,52,2
0.06,300,60,400,20,True,1004.4,20.1,4.0,3.65,17.6,51,2
0.1,1200,60,400,15,True,857.94,17.2,5.3,3.64,10.7,56,2
0.1,1200,60,400,20,True,856.98,17.1,5.3,3.64,11.5,52,2
0.06,1200,40,300,15,True,642.71,12.9,3.8,3.63,14.3,56,2
0.06,1200,100,300,20,True,641.73,12.8,5.8,3.63,15.4,52,2
0.08,750,40,400,15,True,1016.97,20.3,6.2,3.61,14.0,57,2
0.08,1000,100,400,15,True,897.08,17.9,7.1,3.6,16.1,56,2
0.1,1200,80,400,15,True,842.46,16.8,8.5,3.55,9.1,55,2
0.1,1200,80,400,20,True,840.49,16.8,8.5,3.54,9.8,51,2
0.1,750,60,400,15,True,948.36,19.0,6.4,3.52,15.5,58,3
0.08,1200,80,250,25,True,672.97,13.5,6.2,3.52,10.0,50,3
0.06,1000,60,300,25,True,697.42,13.9,4.5,3.51,16.0,50,2
0.1,750,60,300,15,True,964.79,19.3,6.2,3.5,15.3,59,4
0.08,1200,40,400,25,True,816.23,16.3,4.8,3.5,12.0,50,2
0.06,750,60,400,15,True,799.98,16.0,3.5,3.5,14.3,56,2
0.06,1000,60,300,20,True,698.2,14.0,5.0,3.5,17.3,52,2
0.06,1000,80,300,20,True,698.2,14.0,5.0,3.5,17.3,52,2
0.08,500,40,400,20,True,1001.23,20.0,6.2,3.49,15.4,52,2
0.1,1200,100,400,15,True,850.58,17.0,6.5,3.48,12.3,57,2
0.1,750,60,250,15,True,998.3,20.0,6.4,3.47,15.0,60,5
0.1,1200,40,400,15,True,855.29,17.1,4.8,3.46,14.3,56,2
0.1,1200,100,400,20,True,846.94,16.9,6.5,3.46,13.2,53,2
0.08,1200,60,300,20,True,690.83,13.8,4.6,3.46,13.5,52,2
0.06,1000,40,300,15,True,697.78,14.0,5.8,3.45,14.5,55,2
0.1,1200,40,400,25,True,852.06,17.0,5.0,3.44,14.0,50,2
0.1,1000,40,250,15,True,812.6,16.3,4.7,3.44,18.6,59,4
0.08,1200,60,300,15,True,690.61,13.8,4.6,3.44,12.5,56,2
0.08,750,80,400,15,True,972.08,19.4,4.6,3.43,14.3,56,2
0.08,500,100,400,20,True,983.98,19.7,6.2,3.42,15.7,51,2
0.06,1000,80,300,15,True,691.88,13.8,5.9,3.41,16.1,56,2
0.06,1000,100,300,15,True,691.88,13.8,5.9,3.41,16.1,56,2
0.06,750,100,400,25,True,772.09,15.4,5.8,3.4,12.2,49,2
0.08,500,40,400,25,True,959.12,19.2,6.3,3.39,16.0,50,2
0.06,1200,60,250,25,True,540.11,10.8,5.0,3.39,14.3,49,2
0.06,500,60,400,25,True,819.32,16.4,3.7,3.38,18.0,50,2
0.08,1200,100,300,15,True,692.14,13.8,5.5,3.38,14.0,57,2
0.06,500,60,300,15,True,691.79,13.8,4.4,3.38,16.4,55,2
0.08,500,40,200,25,True,995.67,19.9,2.8,3.36,17.0,53,6
0.08,500,80,300,20,True,889.28,17.8,4.6,3.36,17.0,53,4
0.08,1200,100,300,20,True,689.57,13.8,5.5,3.36,15.1,53,2
0.1,500,40,250,25,True,1208.17,24.2,3.5,3.35,16.7,54,6
0.06,500,60,300,20,True,677.69,13.6,4.4,3.35,17.6,51,2
0.08,500,60,400,20,True,990.72,19.8,6.4,3.34,17.3,52,2
0.08,1200,60,250,20,True,658.8,13.2,4.7,3.34,13.2,53,3
0.08,750,60,400,15,True,960.14,19.2,4.6,3.33,14.0,57,2
0.08,1200,60,250,15,True,658.57,13.2,4.7,3.33,12.3,57,3
0.08,500,100,200,25,True,977.99,19.6,2.8,3.3,17.3,52,6
0.06,1200,100,250,25,True,533.71,10.7,5.2,3.3,14.3,49,2
0.06,500,80,400,20,True,829.02,16.6,5.9,3.28,13.7,51,2
0.06,500,100,400,20,True,829.02,16.6,5.9,3.28,13.7,51,2
0.06,750,100,400,20,True,760.49,15.2,6.5,3.28,11.5,52,2
0.1,500,60,250,20,True,1239.73,24.8,3.9,3.27,17.9,56,6
0.08,500,100,400,25,True,920.56,18.4,6.6,3.27,16.3,49,2
0.06,750,60,400,25,True,765.76,15.3,4.6,3.27,14.0,50,2
0.08,1200,100,250,15,True,660.11,13.2,5.5,3.27,13.8,58,3
0.06,750,100,400,15,True,779.87,15.6,5.6,3.26,10.9,55,2
0.06,1200,60,200,25,True,513.75,10.3,5.1,3.26,14.0,50,3
0.06,300,80,400,20,True,950.79,19.0,4.6,3.25,15.7,51,2
0.06,300,100,400,20,True,950.79,19.0,4.6,3.25,15.7,51,2
0.08,750,80,400,25,True,937.11,18.7,5.7,3.25,14.0,50,2
0.08,750,100,400,25,True,937.11,18.7,5.7,3.25,14.0,50,2
0.1,1000,60,200,15,True,921.69,18.4,5.1,3.25,15.5,58,5
0.08,1200,100,250,20,True,657.54,13.2,5.6,3.25,14.8,54,3
0.06,750,40,250,15,True,598.31,12.0,4.3,3.24,15.5,58,3
0.06,1200,60,400,25,True,453.91,9.1,6.9,3.23,14.6,48,1
0.08,1200,80,400,20,True,780.44,15.6,6.5,3.22,13.5,52,2
0.08,1200,80,400,15,True,780.22,15.6,6.6,3.21,12.5,56,2
0.06,750,60,400,20,True,759.28,15.2,4.5,3.21,13.5,52,2
0.08,750,80,400,20,True,930.62,18.6,5.6,3.2,13.5,52,2
0.08,750,100,400,20,True,930.62,18.6,5.6,3.2,13.5,52,2
0.06,1000,40,400,25,True,523.88,10.5,7.5,3.2,12.5,48,1
0.06,500,60,400,15,True,843.18,16.9,4.3,3.19,16.4,55,2
0.06,500,60,200,20,True,641.7,12.8,5.2,3.19,18.5,54,4
0.06,750,40,200,15,True,605.36,12.1,3.9,3.19,15.3,59,4
0.06,1200,40,300,25,True,601.33,12.0,6.0,3.19,12.2,49,2
0.06,1200,80,250,15,True,533.7,10.7,4.4,3.19,15.8,57,2
0.06,1200,100,250,15,True,526.84,10.5,5.9,3.19,14.3,56,2
0.06,1200,80,250,20,True,532.21,10.6,4.4,3.18,17.0,53,2
0.06,1200,40,250,20,True,524.56,10.5,3.9,3.17,15.4,52,2
0.06,1200,100,200,25,True,507.35,10.1,5.2,3.17,14.0,50,3
0.1,500,80,300,20,True,962.39,19.2,8.1,3.16,18.5,54,4
0.08,750,60,400,25,True,925.18,18.5,5.9,3.16,13.7,51,2
0.06,500,80,400,25,True,781.85,15.6,6.2,3.16,14.3,49,2
0.06,500,100,400,25,True,781.85,15.6,6.2,3.16,14.3,49,2
0.08,1000,40,200,15,True,636.53,12.7,4.1,3.16,18.6,59,4
0.1,500,40,200,25,True,1105.32,22.1,3.5,3.15,16.7,54,6
0.06,1200,40,250,15,True,523.08,10.5,3.9,3.14,14.3,56,2
0.06,1200,100,250,20,True,522.11,10.4,5.9,3.14,15.4,52,2
0.1,500,80,400,20,True,949.96,19.0,6.6,3.13,17.3,52,3
0.1,500,100,300,20,True,949.37,19.0,8.2,3.13,18.5,54,4
0.06,1200,100,400,25,True,447.51,9.0,7.0,3.13,14.6,48,1
0.08,500,80,250,20,True,781.95,15.6,6.7,3.12,18.5,54,4
0.1,300,80,400,20,True,1256.45,25.1,5.9,3.11,18.5,54,4
0.08,750,60,400,20,True,918.69,18.4,5.8,3.11,13.2,53,2
0.1,500,100,400,20,True,936.93,18.7,6.6,3.1,17.3,52,3
0.06,1200,60,300,20,True,598.55,12.0,5.3,3.08,15.4,52,2
0.06,1200,80,200,15,True,508.71,10.2,4.5,3.08,15.5,58,3
0.06,1200,100,200,15,True,501.86,10.0,5.9,3.08,14.0,57,3
0.06,1200,80,200,20,True,507.22,10.1,4.5,3.07,16.7,54,3
0.1,1000,40,200,15,True,718.19,14.4,4.7,3.06,18.6,59,4
0.06,1200,60,300,15,True,597.07,11.9,5.3,3.06,14.3,56,2
0.06,1000,60,400,25,True,526.39,10.5,7.5,3.06,16.3,49,1
0.06,1200,40,200,20,True,499.58,10.0,3.9,3.06,15.1,53,3
0.08,750,40,250,20,True,715.59,14.3,4.7,3.05,12.5,56,4
0.06,1000,60,400,20,True,527.17,10.5,7.4,3.05,17.6,51,1
0.06,1000,80,400,20,True,527.17,10.5,7.4,3.05,17.6,51,1
0.1,1200,80,150,15,True,652.82,13.1,5.4,3.04,12.1,58,5
0.06,500,60,250,20,True,581.3,11.6,4.5,3.04,17.3,52,3
0.06,1200,40,200,15,True,498.1,10.0,3.9,3.03,14.0,57,3
0.06,1200,100,200,20,True,497.12,9.9,6.0,3.03,15.1,53,3
0.08,500,40,300,20,True,848.38,17.0,4.6,3.02,14.8,54,4
0.06,750,60,300,15,True,646.26,12.9,3.6,3.02,14.3,56,2
0.06,500,40,400,25,True,785.73,15.7,4.5,3.01,17.6,51,2
0.08,1200,40,300,25,True,655.53,13.1,4.9,3.01,12.0,50,2
0.06,1200,80,400,20,True,446.01,8.9,7.0,3.01,17.3,52,1
0.08,500,80,400,25,True,890.45,17.8,4.9,3.0,18.0,50,2
0.06,1200,40,400,20,True,438.36,8.8,7.1,2.99,15.7,51,1
0.1,300,80,300,20,True,1211.06,24.2,7.9,2.97,18.2,55,5
0.1,300,100,300,20,True,1211.06,24.2,7.9,2.97,18.2,55,5
0.08,300,80,250,20,True,1009.51,20.2,6.5,2.97,18.2,55,5
0.08,300,100,250,20,True,1009.51,20.2,6.5,2.97,18.2,55,5
0.08,750,100,400,15,True,901.64,18.0,5.4,2.96,12.5,56,2
0.08,500,100,300,20,True,831.12,16.6,5.5,2.96,15.1,53,4
0.1,1200,60,200,15,True,637.46,12.7,5.5,2.96,12.1,58,4
0.06,1000,60,400,15,True,520.57,10.4,7.5,2.96,16.4,55,1
0.06,1200,80,400,15,True,443.5,8.9,7.0,2.96,16.1,56,1
0.06,1200,100,400,15,True,436.64,8.7,7.1,2.96,14.5,55,1
0.06,1200,100,400,20,True,435.9,8.7,7.1,2.96,15.7,51,1
0.08,500,80,400,15,True,938.85,18.8,5.3,2.94,16.4,55,2
0.08,500,100,400,15,True,938.85,18.8,5.3,2.94,16.4,55,2
0.06,500,60,150,20,True,703.27,14.1,2.5,2.94,18.2,55,6
0.08,500,80,200,20,True,894.41,17.9,3.3,2.93,18.2,55,6
0.08,1000,60,400,15,True,818.14,16.4,6.2,2.93,16.1,56,2
0.08,1000,80,400,15,True,818.14,16.4,6.2,2.93,16.1,56,2
0.06,1000,40,300,20,True,630.58,12.6,5.4,2.93,13.5,52,2
0.06,750,100,300,25,True,618.38,12.4,5.9,2.93,12.2,49,2
0.06,300,60,200,20,True,785.0,15.7,5.1,2.92,18.2,55,5
0.06,500,40,300,20,True,643.68,12.9,5.2,2.92,17.3,52,2
0.06,500,80,300,15,True,638.17,12.8,5.3,2.91,14.5,55,2
0.06,1200,40,400,15,True,432.88,8.7,7.1,2.91,14.5,55,1
0.08,500,60,300,20,True,837.86,16.8,4.7,2.9,16.7,54,4
0.08,1200,40,250,25,True,622.13,12.4,5.0,2.9,11.8,51,3
0.08,300,80,300,20,True,930.37,18.6,6.4,2.89,18.5,54,4
0.08,300,100,300,20,True,930.37,18.6,6.4,2.89,18.5,54,4
0.06,300,60,400,25,True,857.93,17.2,3.9,2.89,18.0,50,2
0.06,750,100,150,15,True,706.01,14.1,2.7,2.89,11.9,59,6
0.06,300,40,400,25,True,853.87,17.1,4.6,2.88,19.2,52,2
0.08,1200,40,200,15,True,440.46,8.8,4.2,2.88,17.2,58,3
0.06,750,80,400,25,True,712.15,14.2,5.5,2.87,12.0,50,2
0.06,1000,60,300,15,True,638.38,12.8,4.9,2.87,16.1,56,2
0.06,500,80,150,25,True,706.57,14.1,3.0,2.85,15.4,52,6
0.06,500,100,150,25,True,706.57,14.1,3.0,2.85,15.4,52,6
0.06,500,80,400,15,True,789.56,15.8,5.2,2.84,14.5,55,2
0.1,1200,100,200,15,True,630.1,12.6,6.6,2.84,13.6,59,4
0.08,300,80,400,20,True,914.67,18.3,5.2,2.83,17.6,51,2
0.08,300,100,400,20,True,914.67,18.3,5.2,2.83,17.6,51,2
0.06,750,40,400,20,True,707.17,14.1,5.4,2.83,11.3,53,2
0.06,300,60,400,15,True,895.07,17.9,4.2,2.82,16.4,55,2
0.06,750,80,400,20,True,705.67,14.1,5.5,2.82,11.5,52,2
0.06,750,100,300,20,True,606.77,12.1,6.7,2.82,11.5,52,2
0.08,750,40,400,25,True,858.23,17.2,6.4,2.81,9.6,52,2
0.06,750,100,300,15,True,626.16,12.5,5.7,2.81,10.9,55,2
0.06,750,60,300,25,True,612.05,12.2,4.7,2.81,14.0,50,2
0.08,500,40,250,20,True,741.04,14.8,6.7,2.79,16.4,55,4
0.1,1000,100,400,25,True,731.97,14.6,7.0,2.79,16.3,49,2
0.06,500,40,200,20,True,607.69,12.2,5.2,2.79,18.2,55,4
0.1,750,40,300,20,True,810.52,16.2,5.5,2.78,9.1,55,4
0.08,750,40,150,20,True,720.07,14.4,3.2,2.78,14.0,57,6
0.1,750,60,200,15,True,890.63,17.8,3.9,2.76,15.0,60,6
0.08,500,40,250,25,True,707.92,14.2,6.0,2.76,17.3,52,4
0.08,1200,80,300,20,True,619.75,12.4,6.7,2.76,13.5,52,2
0.06,750,60,300,20,True,605.57,12.1,4.7,2.76,13.5,52,2
0.06,1200,40,250,25,True,481.7,9.6,6.1,2.76,12.2,49,2
0.08,1200,80,300,15,True,619.52,12.4,6.7,2.75,12.5,56,2
0.1,500,40,300,25,True,860.15,17.2,7.3,2.74,17.0,53,4
0.08,500,100,250,20,True,723.79,14.5,6.7,2.73,16.7,54,4
0.1,500,80,200,20,True,970.02,19.4,4.0,2.72,18.2,55,6
0.08,1200,60,400,25,True,710.34,14.2,7.0,2.72,8.0,50,2
0.1,1200,100,300,25,True,615.7,12.3,6.1,2.71,11.8,51,3
0.1,500,100,200,20,True,956.99,19.1,4.0,2.7,18.2,55,6
0.08,500,100,250,25,True,690.24,13.8,6.0,2.7,17.6,51,4
0.08,500,40,200,20,True,853.5,17.1,3.6,2.68,16.1,56,6
0.08,500,60,250,20,True,730.53,14.6,6.7,2.68,18.2,55,4
0.06,750,80,400,15,True,690.16,13.8,5.1,2.68,10.7,56,2
0.06,500,60,250,15,True,665.9,13.3,6.7,2.68,17.2,58,4
0.06,500,100,300,15,True,604.0,12.1,5.9,2.68,12.7,55,2
0.1,500,60,300,20,True,880.54,17.6,8.1,2.67,18.2,55,4
0.1,750,80,400,15,True,801.21,16.0,9.1,2.67,15.5,58,3
0.1,750,100,400,15,True,801.21,16.0,9.1,2.67,15.5,58,3
0.06,500,100,400,15,True,755.39,15.1,5.8,2.67,12.7,55,2
0.08,1200,80,250,20,True,587.71,11.8,6.8,2.67,13.2,53,3
0.06,1200,60,250,20,True,478.92,9.6,5.4,2.67,15.4,52,2
0.08,500,80,300,15,True,818.13,16.4,8.4,2.66,17.2,58,4
0.08,500,100,300,15,True,818.13,16.4,8.4,2.66,17.2,58,4
0.08,1200,80,250,15,True,587.49,11.7,6.8,2.66,12.3,57,3
0.08,1000,80,300,25,True,564.8,11.3,6.1,2.66,16.3,49,2
0.08,1000,100,300,25,True,564.8,11.3,6.1,2.66,16.3,49,2
0.08,500,60,400,25,True,839.45,16.8,6.0,2.65,17.6,51,2
0.1,500,40,400,25,True,837.36,16.7,7.6,2.65,15.4,52,3
0.06,500,40,250,20,True,547.28,10.9,5.3,2.65,17.0,53,3
0.06,1000,80,250,25,True,463.43,9.3,5.0,2.65,16.3,49,2
0.06,1000,100,250,25,True,463.43,9.3,5.0,2.65,16.3,49,2
0.06,1200,40,200,25,True,455.35,9.1,6.1,2.65,12.0,50,3
0.1,500,60,400,20,True,868.1,17.4,8.0,2.64,17.0,53,3
0.08,500,100,200,20,True,836.24,16.7,3.3,2.64,16.4,55,6
0.06,500,40,150,20,True,669.26,13.4,2.9,2.64,17.9,56,6
0.06,750,60,150,15,True,557.37,11.1,3.7,2.64,15.3,59,5
0.06,1200,60,250,15,True,477.44,9.5,5.4,2.64,14.3,56,2
0.08,1200,60,150,15,True,461.73,9.2,4.8,2.63,13.8,58,4
0.1,300,80,250,25,True,1003.74,20.1,6.2,2.62,20.8,53,5
0.06,300,80,400,25,True,804.32,16.1,4.4,2.62,16.0,50,2
0.06,300,100,400,25,True,804.32,16.1,4.4,2.62,16.0,50,2
0.06,300,80,200,20,True,731.38,14.6,5.1,2.62,16.4,55,5
0.06,300,100,200,20,True,731.38,14.6,5.1,2.62,16.4,55,5
0.06,500,60,300,25,True,567.68,11.4,4.1,2.62,18.0,50,2
0.06,750,60,250,15,True,520.53,10.4,5.8,2.62,15.5,58,3
0.1,1200,40,300,20,True,608.31,12.2,5.6,2.61,15.1,53,3
0.08,750,40,200,20,True,564.27,11.3,4.7,2.61,12.5,56,4
0.08,500,60,200,20,True,842.99,16.9,3.8,2.6,17.9,56,6
0.1,1000,40,400,25,True,714.97,14.3,6.8,2.6,17.6,51,2
0.08,500,60,400,15,True,881.46,17.6,6.4,2.59,15.8,57,2
0.06,750,40,400,25,True,664.92,13.3,5.6,2.59,9.8,51,2
0.08,1200,100,150,15,True,463.26,9.3,5.6,2.59,15.3,59,4
0.1,750,40,400,15,True,893.0,17.9,8.1,2.58,10.3,58,3
0.06,1200,60,200,20,True,453.94,9.1,5.4,2.58,15.1,53,3
0.06,300,80,400,15,True,841.45,16.8,5.1,2.57,14.5,55,2
0.06,300,100,400,15,True,841.45,16.8,5.1,2.57,14.5,55,2
0.06,300,40,400,20,True,799.22,16.0,4.4,2.57,18.2,55,2
0.06,500,80,300,20,True,577.39,11.5,6.1,2.57,13.7,51,2
0.06,500,100,300,20,True,577.39,11.5,6.1,2.57,13.7,51,2
0.06,1200,40,400,25,True,395.5,7.9,7.9,2.57,12.5,48,1
0.08,1000,40,150,15,True,545.23,10.9,2.9,2.56,20.0,60,5
0.06,1200,60,200,15,True,452.46,9.0,5.5,2.56,14.0,57,3
0.06,1000,100,250,20,True,453.85,9.1,5.7,2.55,17.3,52,2
0.06,750,100,200,20,True,513.71,10.3,4.5,2.54,13.0,54,4
0.1,1200,80,250,15,True,659.52,13.2,5.4,2.52,10.3,58,4
0.1,500,80,250,25,True,857.78,17.2,5.9,2.51,18.9,53,5
0.08,750,40,250,15,True,662.9,13.3,4.5,2.51,13.3,60,4
0.06,500,60,150,25,True,551.74,11.0,3.6,2.51,18.9,53,5
0.06,1000,40,400,20,True,459.55,9.2,8.6,2.51,13.7,51,1
0.08,500,80,200,25,True,698.03,14.0,4.8,2.5,18.9,53,5
0.1,1200,100,200,25,True,523.33,10.5,5.8,2.5,11.5,52,4
0.1,500,100,250,25,True,844.33,16.9,6.0,2.49,18.9,53,5
0.1,750,40,250,20,True,678.59,13.6,5.5,2.49,9.1,55,4
0.1,500,80,300,15,True,871.31,17.4,10.2,2.48,17.2,58,4
0.06,1200,60,400,20,True,392.72,7.9,7.9,2.48,15.7,51,1
0.08,500,80,200,15,True,863.6,17.3,5.4,2.47,16.9,59,6
0.08,500,100,200,15,True,863.6,17.3,5.4,2.47,16.9,59,6
0.1,500,80,400,15,True,853.12,17.1,9.9,2.47,17.5,57,3
0.08,500,80,150,20,True,689.81,13.8,3.3,2.47,18.2,55,6
0.06,750,80,300,25,True,558.44,11.2,5.7,2.47,12.0,50,2
0.06,500,60,200,15,True,577.59,11.6,6.7,2.46,17.2,58,4
0.08,1000,40,300,25,True,542.69,10.9,5.7,2.46,17.6,51,2
0.1,500,100,300,15,True,858.28,17.2,10.2,2.45,17.2,58,4
0.1,500,100,400,15,True,840.09,16.8,9.9,2.45,17.5,57,3
0.08,750,80,300,15,True,582.12,11.6,7.5,2.45,15.5,58,3
0.06,500,80,200,20,True,541.39,10.8,5.2,2.45,14.8,54,4
0.06,500,100,200,20,True,541.39,10.8,5.2,2.45,14.8,54,4
0.06,750,100,250,15,True,500.43,10.0,5.9,2.45,12.3,57,3
0.1,300,100,400,20,True,1087.13,21.7,7.3,2.44,17.0,53,4
0.06,500,80,300,25,True,530.22,10.6,6.4,2.44,14.3,49,2
0.06,500,100,300,25,True,530.22,10.6,6.4,2.44,14.3,49,2
0.1,300,80,400,25,True,861.83,17.2,6.2,2.43,21.2,52,3
0.1,1000,60,300,15,True,747.51,15.0,6.8,2.43,13.8,58,4
0.08,500,80,250,15,True,704.36,14.1,8.5,2.43,17.2,58,4
0.08,500,100,250,15,True,704.36,14.1,8.5,2.43,17.2,58,4
0.1,1000,100,150,25,True,591.63,11.8,5.5,2.43,15.4,52,5
0.08,500,40,300,25,True,586.29,11.7,6.7,2.43,15.7,51,3
0.06,750,40,300,20,True,553.45,11.1,5.6,2.43,11.3,53,2
0.06,500,80,200,25,True,517.43,10.3,4.6,2.43,15.7,51,4
0.06,500,100,200,25,True,517.43,10.3,4.6,2.43,15.7,51,4
0.06,750,100,200,15,True,507.48,10.1,4.5,2.43,12.1,58,4
0.06,1000,80,200,25,True,397.94,8.0,5.1,2.43,16.0,50,3
0.06,1000,100,200,25,True,397.94,8.0,5.1,2.43,16.0,50,3
0.06,500,60,150,15,True,661.04,13.2,4.3,2.42,16.9,59,6
0.06,750,80,300,20,True,551.95,11.0,5.6,2.42,11.5,52,2
0.06,1200,60,400,15,True,387.24,7.7,8.0,2.42,14.5,55,1
0.1,300,80,400,15,True,1078.39,21.6,10.0,2.41,17.2,58,4
0.1,300,100,400,15,True,1078.39,21.6,10.0,2.41,17.2,58,4
0.1,750,40,400,20,True,756.6,15.1,8.4,2.41,9.4,53,3
0.1,750,40,150,20,True,698.95,14.0,3.8,2.41,12.5,56,6
0.08,1000,80,250,25,True,479.79,9.6,6.2,2.4,16.0,50,3
0.08,1000,100,250,25,True,479.79,9.6,6.2,2.4,16.0,50,3
0.1,750,80,200,15,True,697.01,13.9,6.2,2.39,15.3,59,5
0.1,750,100,200,15,True,697.01,13.9,6.2,2.39,15.3,59,5
0.06,500,80,250,15,True,612.28,12.2,6.7,2.39,15.5,58,4
0.1,500,80,250,15,True,981.73,19.6,6.5,2.38,16.9,59,6
0.08,750,60,300,15,True,570.19,11.4,7.5,2.38,15.3,59,3
0.1,1200,40,250,15,True,479.46,9.6,5.1,2.38,15.5,58,3
0.1,500,60,200,20,True,888.16,17.8,4.6,2.37,17.9,56,6
0.1,1200,60,400,25,True,677.28,13.5,8.5,2.37,8.0,50,2
0.1,1200,80,400,25,True,677.28,13.5,8.5,2.37,8.0,50,2
0.1,500,100,250,15,True,968.7,19.4,6.5,2.36,16.9,59,6
0.08,300,80,250,15,True,885.64,17.7,8.5,2.36,16.9,59,5
0.08,300,100,250,15,True,885.64,17.7,8.5,2.36,16.9,59,5
0.06,500,40,400,15,True,683.27,13.7,6.3,2.36,16.9,59,2
0.08,1000,100,250,15,True,612.89,12.3,5.8,2.36,15.8,57,4
0.06,500,80,150,20,True,602.97,12.1,3.1,2.36,14.5,55,6
0.06,500,100,150,20,True,602.97,12.1,3.1,2.36,14.5,55,6
0.1,1000,40,150,15,True,551.5,11.0,3.7,2.36,20.0,60,5
0.1,300,80,300,15,True,1059.57,21.2,10.2,2.35,16.9,59,5
0.1,300,100,300,15,True,1059.57,21.2,10.2,2.35,16.9,59,5
0.1,500,80,400,25,True,755.63,15.1,6.7,2.35,17.6,51,3
0.08,750,40,200,15,True,638.62,12.8,3.0,2.35,13.1,61,5
0.1,1000,100,200,25,True,534.1,10.7,5.5,2.35,15.7,51,4
0.06,500,40,300,25,True,534.09,10.7,4.9,2.35,17.6,51,2
0.06,500,60,250,25,True,469.92,9.4,4.2,2.35,17.6,51,3
0.06,1000,100,200,20,True,389.73,7.8,5.8,2.35,17.0,53,3
0.08,750,40,300,15,True,572.82,11.5,6.7,2.34,13.6,59,3
0.1,1000,100,300,25,True,543.21,10.9,7.3,2.34,16.0,50,3
0.1,500,80,200,25,True,754.93,15.1,6.0,2.33,18.9,53,5
0.08,500,60,300,15,True,751.65,15.0,5.5,2.33,16.7,60,4
0.06,300,60,250,15,True,669.07,13.4,6.6,2.33,17.2,58,4
0.1,1000,60,150,15,True,623.8,12.5,4.0,2.33,16.9,59,6
0.1,1200,80,250,20,True,595.73,11.9,5.4,2.33,11.3,53,4
0.08,1200,60,300,25,True,549.65,11.0,7.2,2.33,8.0,50,2
0.1,500,100,400,25,True,742.18,14.8,6.7,2.32,17.6,51,3
0.06,300,60,200,15,True,688.74,13.8,6.7,2.32,16.9,59,5
0.08,1000,100,150,15,True,581.12,11.6,4.2,2.32,16.9,59,6
0.08,500,100,300,25,True,547.73,11.0,7.0,2.32,16.0,50,3
0.06,1000,40,200,15,True,486.72,9.7,4.3,2.32,13.8,58,4
0.06,500,80,250,20,True,480.99,9.6,6.2,2.32,13.5,52,3
0.06,500,100,250,20,True,480.99,9.6,6.2,2.32,13.5,52,3
0.1,300,80,300,25,True,816.44,16.3,8.7,2.31,20.8,53,4
0.08,300,60,200,25,True,760.64,15.2,5.1,2.31,20.4,54,5
0.1,750,40,300,15,True,753.39,15.1,5.7,2.31,10.2,59,4
0.1,500,100,200,25,True,741.48,14.8,6.0,2.31,18.9,53,5
0.06,300,60,250,20,True,654.24,13.1,4.9,2.31,17.0,53,4
0.06,750,80,300,15,True,536.45,10.7,5.2,2.31,10.7,56,2
0.06,1000,80,200,15,True,490.04,9.8,4.6,2.31,15.8,57,4
0.06,1000,100,200,15,True,490.04,9.8,4.6,2.31,15.8,57,4
0.08,300,60,400,25,True,752.77,15.1,5.1,2.3,19.6,51,2
0.06,500,40,300,15,True,531.88,10.6,4.8,2.3,16.9,59,2
0.08,500,40,150,25,True,656.03,13.1,3.6,2.29,16.7,54,6
0.1,300,80,250,20,True,1047.8,21.0,6.3,2.28,18.2,55,6
0.1,300,100,250,20,True,1047.8,21.0,6.3,2.28,18.2,55,6
0.08,300,80,300,15,True,811.8,16.2,8.4,2.28,17.2,58,4
0.08,300,100,300,15,True,811.8,16.2,8.4,2.28,17.2,58,4
0.08,750,80,150,15,True,538.54,10.8,5.0,2.28,15.3,59,5
0.08,300,80,200,20,True,857.09,17.1,5.3,2.27,18.2,55,6
0.08,300,100,200,20,True,857.09,17.1,5.3,2.27,18.2,55,6
0.08,500,40,150,20,True,648.9,13.0,3.6,2.27,16.1,56,6
0.1,1000,60,400,15,True,646.06,12.9,9.3,2.26,14.3,56,2
0.08,750,40,300,20,True,545.47,10.9,7.3,2.26,11.1,54,3
0.06,500,40,150,25,True,518.15,10.4,4.1,2.26,18.5,54,5
0.06,300,60,150,20,True,666.38,13.3,4.2,2.25,18.2,55,6
0.1,1000,40,400,20,True,639.61,12.8,8.0,2.25,17.0,53,2
0.08,500,100,150,25,True,638.34,12.8,3.2,2.25,17.0,53,6
0.06,500,100,250,15,True,578.11,11.6,6.7,2.25,13.8,58,4
0.08,1200,60,250,25,True,516.25,10.3,7.3,2.25,7.8,51,3
0.1,300,80,200,25,True,770.92,15.4,6.2,2.24,20.8,53,5
0.1,750,40,200,20,True,644.53,12.9,5.9,2.24,10.9,55,5
0.06,300,40,300,25,True,561.81,11.2,4.6,2.24,20.8,53,2
0.06,1000,40,250,25,True,400.98,8.0,6.1,2.24,12.2,49,2
0.1,1000,60,250,15,True,646.27,12.9,6.9,2.23,13.8,58,4
0.1,1200,100,250,25,True,443.4,8.9,6.2,2.23,11.8,51,3
0.08,500,60,200,25,True,647.04,12.9,5.5,2.22,18.5,54,5
0.08,500,100,150,20,True,631.64,12.6,3.3,2.22,16.4,55,6
0.08,750,60,150,15,True,526.6,10.5,5.0,2.22,15.0,60,5
0.06,750,40,300,25,True,511.21,10.2,5.7,2.22,9.8,51,2
0.08,1000,40,250,25,True,457.69,9.2,5.8,2.22,17.3,52,3
0.1,1200,60,150,15,True,397.8,8.0,5.6,2.22,12.1,58,4
0.1,750,40,250,15,True,753.91,15.1,3.6,2.21,10.0,60,5
0.06,300,60,300,20,True,593.24,11.9,4.8,2.21,17.6,51,2
0.08,750,80,150,25,True,529.11,10.6,4.9,2.21,15.1,53,5
0.08,750,100,150,25,True,529.11,10.6,4.9,2.21,15.1,53,5
0.1,300,80,200,20,True,858.67,17.2,5.9,2.2,18.2,55,6
0.1,300,100,200,20,True,858.67,17.2,5.9,2.2,18.2,55,6
0.1,500,60,250,25,True,775.92,15.5,6.7,2.2,18.5,54,5
0.08,300,80,200,25,True,724.39,14.5,5.1,2.2,18.9,53,5
0.08,300,100,200,25,True,724.39,14.5,5.1,2.2,18.9,53,5
0.08,500,60,150,20,True,638.38,12.8,3.8,2.2,17.9,56,6
0.1,1000,80,400,20,True,623.96,12.5,8.2,2.2,17.3,52,2
0.1,1000,100,400,20,True,623.96,12.5,8.2,2.2,17.3,52,2
0.1,1000,80,400,25,True,621.15,12.4,8.2,2.2,16.0,50,2
0.06,300,60,150,25,True,571.11,11.4,4.0,2.2,18.9,53,5
0.06,300,40,150,25,True,567.05,11.3,4.6,2.2,20.0,55,5
0.1,300,100,250,25,True,877.68,17.6,6.3,2.19,18.9,53,5
0.08,300,80,400,15,True,767.97,15.4,6.0,2.19,16.4,55,2
0.08,300,100,400,15,True,767.97,15.4,6.0,2.19,16.4,55,2
0.08,300,80,400,25,True,716.52,14.3,5.2,2.19,18.0,50,2
0.08,300,100,400,25,True,716.52,14.3,5.2,2.19,18.0,50,2
0.06,500,80,150,15,True,607.43,12.1,4.3,2.19,15.3,59,6
0.08,750,80,150,20,True,524.0,10.5,4.8,2.19,14.5,55,5
0.08,750,100,150,20,True,524.0,10.5,4.8,2.19,14.5,55,5
0.06,500,80,200,15,True,523.98,10.5,6.7,2.19,15.5,58,4
0.06,500,80,250,25,True,432.45,8.6,6.5,2.19,14.0,50,3
0.06,500,100,250,25,True,432.45,8.6,6.5,2.19,14.0,50,3
0.08,1200,40,150,15,True,280.43,5.6,4.3,2.19,17.2,58,3
0.1,1000,40,300,25,True,526.22,10.5,7.0,2.18,17.3,52,3
0.06,1000,60,250,20,True,404.27,8.1,5.3,2.18,17.3,52,2
0.06,1000,80,250,20,True,404.27,8.1,5.3,2.18,17.3,52,2
0.06,1000,60,250,25,True,403.49,8.1,5.4,2.18,16.0,50,2
0.1,300,60,250,25,True,862.59,17.3,7.4,2.17,20.0,55,5
0.08,500,80,150,25,True,544.04,10.9,4.9,2.17,18.9,53,5
0.1,750,80,250,15,True,580.65,11.6,9.6,2.16,15.3,59,4
0.1,750,100,250,15,True,580.65,11.6,9.6,2.16,15.3,59,4
0.06,300,60,300,15,True,585.65,11.7,4.8,2.15,16.4,55,2
0.08,750,60,150,25,True,517.18,10.3,4.9,2.15,14.8,54,5
0.1,1200,40,250,20,True,436.01,8.7,5.7,2.15,15.1,53,3
0.1,500,80,150,20,True,647.35,12.9,4.1,2.14,18.2,55,6
0.1,750,80,300,15,True,547.14,10.9,9.4,2.14,15.5,58,3
0.1,750,100,300,15,True,547.14,10.9,9.4,2.14,15.5,58,3
0.08,500,80,300,25,True,517.62,10.4,5.6,2.14,17.6,51,3
0.1,1200,60,300,20,True,515.04,10.3,7.3,2.14,11.3,53,3
0.06,750,100,250,25,True,434.93,8.7,6.1,2.14,12.0,50,3
0.1,1200,100,150,15,True,390.44,7.8,6.8,2.14,13.6,59,4
0.06,300,80,250,15,True,615.46,12.3,6.6,2.13,15.5,58,4
0.06,300,100,250,15,True,615.46,12.3,6.6,2.13,15.5,58,4
0.08,500,60,200,15,True,612.32,12.2,3.9,2.13,16.4,61,5
0.08,750,60,150,20,True,512.07,10.2,4.8,2.13,14.3,56,5
0.08,1000,40,300,20,True,483.84,9.7,6.8,2.13,17.0,53,2
0.08,1000,60,300,25,True,479.42,9.6,6.8,2.13,16.0,50,2
0.08,750,80,250,15,True,453.0,9.1,7.6,2.13,15.5,58,3
0.08,1000,80,150,25,True,389.48,7.8,4.6,2.13,15.7,51,4
0.06,300,80,200,15,True,635.13,12.7,6.7,2.12,15.3,59,5
0.06,300,100,200,15,True,635.13,12.7,6.7,2.12,15.3,59,5
0.1,500,100,150,20,True,634.33,12.7,4.1,2.12,18.2,55,6
0.1,1200,60,300,15,True,512.0,10.2,7.3,2.12,10.5,57,3
0.08,1000,80,300,20,True,481.21,9.6,6.8,2.12,17.3,52,2
0.08,1000,100,300,20,True,481.21,9.6,6.8,2.12,17.3,52,2
0.06,750,60,200,15,True,358.85,7.2,5.9,2.12,15.5,58,3
0.1,500,80,200,15,True,793.87,15.9,6.6,2.11,16.9,59,6
0.06,300,40,400,15,True,688.87,13.8,6.3,2.11,16.9,59,2
0.06,300,80,250,20,True,600.62,12.0,4.9,2.11,15.1,53,4
0.06,300,100,250,20,True,600.62,12.0,4.9,2.11,15.1,53,4
0.08,750,100,300,15,True,511.69,10.2,8.1,2.11,13.8,58,3
0.1,1200,80,200,20,True,482.76,9.7,5.5,2.11,11.1,54,4
0.08,1000,60,300,20,True,478.31,9.6,6.9,2.11,17.3,52,2
0.1,1000,40,150,25,True,436.77,8.7,7.0,2.11,18.5,54,4
0.06,500,40,250,25,True,436.33,8.7,5.0,2.11,17.3,52,3
0.06,750,100,150,20,True,369.63,7.4,4.6,2.11,13.0,54,4
0.08,1200,80,150,15,True,390.65,7.8,6.9,2.1,13.8,58,4
0.1,500,100,200,15,True,780.85,15.6,6.6,2.09,16.9,59,6
0.08,300,40,200,25,True,686.91,13.7,5.9,2.09,19.6,56,5
0.08,750,40,150,25,True,498.98,10.0,4.9,2.09,12.7,55,5
0.1,1200,80,300,20,True,498.55,10.0,9.0,2.09,9.6,52,3
0.08,300,40,400,25,True,679.04,13.6,5.9,2.08,18.9,53,2
0.08,300,60,250,25,True,627.63,12.6,7.5,2.08,20.4,54,4
0.1,500,80,150,15,True,622.45,12.4,4.1,2.08,16.9,59,6
0.08,500,60,250,15,True,606.12,12.1,5.6,2.08,16.7,60,4
0.06,500,100,150,15,True,573.26,11.5,4.3,2.08,13.6,59,6
0.1,1200,80,300,15,True,496.52,9.9,9.0,2.08,8.9,56,3
0.08,750,80,200,15,True,455.23,9.1,7.8,2.08,15.3,59,4
0.06,750,60,250,25,True,428.6,8.6,5.0,2.08,13.7,51,3
0.06,750,100,250,20,True,424.69,8.5,7.0,2.08,11.3,53,3
0.1,500,40,250,20,True,730.92,14.6,7.0,2.07,15.5,58,5
0.1,750,80,150,25,True,550.36,11.0,6.1,2.07,15.1,53,5
0.1,750,100,150,25,True,550.36,11.0,6.1,2.07,15.1,53,5
0.1,1200,40,300,25,True,508.76,10.2,7.4,2.07,13.7,51,3
0.1,1200,100,300,20,True,505.01,10.1,7.4,2.07,13.0,54,3
0.1,1200,100,300,15,True,504.65,10.1,7.4,2.07,12.1,58,3
0.08,750,60,250,15,True,441.06,8.8,7.6,2.07,15.3,59,3
0.06,1000,40,250,15,True,384.3,7.7,6.5,2.07,14.3,56,2
0.06,300,80,150,20,True,612.76,12.3,4.9,2.06,16.4,55,6
0.06,300,100,150,20,True,612.76,12.3,4.9,2.06,16.4,55,6
0.1,1200,40,300,15,True,509.36,10.2,7.3,2.06,14.0,57,3
0.06,500,100,200,15,True,489.81,9.8,6.7,2.06,13.8,58,4
0.1,1000,100,250,25,True,418.69,8.4,7.9,2.06,15.7,51,3
0.1,1200,100,150,25,True,369.05,7.4,5.9,2.06,11.5,52,4
0.06,750,100,150,25,True,342.04,6.8,4.6,2.06,13.7,51,4
0.1,500,60,400,25,True,673.78,13.5,8.2,2.05,17.3,52,3
0.1,750,80,400,25,True,651.21,13.0,7.7,2.05,13.7,51,3
0.1,750,100,400,25,True,651.21,13.0,7.7,2.05,13.7,51,3
0.1,500,100,150,15,True,609.43,12.2,4.1,2.05,16.9,59,6
0.1,750,80,150,20,True,545.24,10.9,5.9,2.05,14.5,55,5
0.1,750,100,150,20,True,545.24,10.9,5.9,2.05,14.5,55,5
0.06,750,60,250,20,True,423.49,8.5,5.1,2.05,13.2,53,3
0.1,1200,40,200,15,True,366.64,7.3,5.2,2.05,15.5,58,3
0.06,500,60,200,25,True,362.6,7.3,6.6,2.05,19.2,52,3
0.06,1000,40,200,25,True,335.49,6.7,6.2,2.05,12.0,50,3
0.1,500,60,200,25,True,673.08,13.5,6.8,2.04,18.5,54,5
0.1,1000,80,200,15,True,530.09,10.6,7.8,2.04,17.2,58,4
0.1,1000,100,200,15,True,530.09,10.6,7.8,2.04,17.2,58,4
0.06,750,80,150,15,True,447.56,9.0,4.0,2.04,11.9,59,5
0.08,500,40,400,15,True,693.88,13.9,8.6,2.03,15.3,59,2
0.1,750,80,400,20,True,646.1,12.9,7.8,2.03,13.2,53,3
0.1,750,100,400,20,True,646.1,12.9,7.8,2.03,13.2,53,3
0.08,750,60,200,15,True,443.3,8.9,7.8,2.03,15.0,60,4
0.1,750,60,150,15,True,549.78,11.0,4.1,2.02,15.0,60,6
0.1,300,60,400,25,True,720.68,14.4,7.4,2.01,20.4,54,3
0.06,300,80,300,20,True,539.62,10.8,4.9,2.01,15.7,51,2
0.06,300,100,300,20,True,539.62,10.8,4.9,2.01,15.7,51,2
0.1,750,60,150,20,True,533.31,10.7,5.9,2.0,14.3,56,5
0.06,300,80,150,25,True,517.49,10.3,4.6,2.0,17.0,53,5
0.06,300,100,150,25,True,517.49,10.3,4.6,2.0,17.0,53,5
0.06,300,40,250,25,True,453.72,9.1,4.6,2.0,20.4,54,3
0.06,750,80,250,15,True,410.72,8.2,7.4,2.0,12.1,58,3
0.06,1000,60,200,20,True,340.15,6.8,5.4,2.0,17.0,53,3
0.06,1000,80,200,20,True,340.15,6.8,5.4,2.0,17.0,53,3
0.06,1000,60,200,25,True,338.0,6.8,5.5,2.0,15.7,51,3
0.06,750,100,200,25,True,324.01,6.5,6.2,2.0,13.7,51,3
0.1,750,60,400,20,True,634.17,12.7,8.0,1.99,13.0,54,3
0.06,300,40,300,20,True,507.15,10.1,4.5,1.99,19.6,56,2
0.1,750,80,200,25,True,492.67,9.9,7.3,1.99,15.4,52,4
0.1,750,100,200,25,True,492.67,9.9,7.3,1.99,15.4,52,4
0.06,300,60,200,25,True,469.44,9.4,6.6,1.99,18.9,53,4
0.08,1000,100,300,15,True,446.17,8.9,8.4,1.99,16.1,56,2
0.08,300,80,250,25,True,591.39,11.8,8.6,1.98,18.9,53,4
0.08,300,100,250,25,True,591.39,11.8,8.6,1.98,18.9,53,4
0.08,300,60,300,25,True,548.49,11.0,7.4,1.98,20.8,53,3
0.06,300,40,200,25,True,465.37,9.3,5.8,1.98,20.0,55,4
0.08,1000,100,200,15,True,444.19,8.9,5.9,1.98,15.8,57,4
0.06,1000,80,250,15,True,365.35,7.3,6.8,1.98,16.1,56,2
0.06,1000,100,250,15,True,365.35,7.3,6.8,1.98,16.1,56,2
0.06,300,40,150,20,True,513.76,10.3,4.4,1.97,19.0,58,5
0.1,750,80,200,20,True,487.56,9.8,7.2,1.97,14.8,54,4
0.1,750,100,200,20,True,487.56,9.8,7.2,1.97,14.8,54,4
0.1,750,80,300,25,True,480.02,9.6,8.9,1.97,15.4,52,3
0.1,750,100,300,25,True,480.02,9.6,8.9,1.97,15.4,52,3
0.08,750,100,150,15,True,468.1,9.4,5.0,1.97,13.6,59,5
0.08,1000,60,150,15,True,431.55,8.6,5.9,1.97,16.9,59,5
0.08,1000,80,150,15,True,431.55,8.6,5.9,1.97,16.9,59,5
0.06,300,80,300,15,True,532.03,10.6,5.4,1.96,14.5,55,2
0.06,300,100,300,15,True,532.03,10.6,5.4,1.96,14.5,55,2
0.1,500,40,400,20,True,639.94,12.8,8.2,1.95,14.3,56,3
0.1,750,80,300,20,True,474.91,9.5,9.0,1.95,14.8,54,3
0.1,750,100,300,20,True,474.91,9.5,9.0,1.95,14.8,54,3
0.08,750,80,250,25,True,398.09,8.0,7.5,1.95,15.4,52,3
0.08,750,100,250,25,True,398.09,8.0,7.5,1.95,15.4,52,3
0.1,300,100,300,25,True,690.38,13.8,10.5,1.94,18.9,53,4
0.08,1000,40,250,20,True,400.21,8.0,6.9,1.94,16.7,54,3
0.06,750,60,200,25,True,317.68,6.4,6.0,1.94,15.4,52,3
0.1,500,40,150,25,True,581.71,11.6,4.4,1.93,16.4,55,6
0.08,500,60,150,25,True,493.04,9.9,5.5,1.93,18.5,54,5
0.1,750,60,200,20,True,475.63,9.5,7.4,1.93,14.5,55,4
0.1,1000,40,250,25,True,401.7,8.0,8.4,1.93,17.0,53,3
0.08,1000,80,250,20,True,397.58,8.0,6.9,1.93,17.0,53,3
0.08,1000,100,250,20,True,397.58,8.0,6.9,1.93,17.0,53,3
0.08,750,80,250,20,True,392.98,7.9,7.6,1.93,14.8,54,3
0.08,750,100,250,20,True,392.98,7.9,7.6,1.93,14.8,54,3
0.1,300,60,250,20,True,766.1,15.3,7.1,1.92,19.0,58,5
0.1,300,60,300,25,True,675.29,13.5,9.2,1.92,20.0,55,4
0.1,500,40,200,20,True,628.07,12.6,7.1,1.92,15.5,58,5
0.1,1000,60,400,25,True,537.78,10.8,9.6,1.92,12.0,50,2
0.08,500,80,250,25,True,410.29,8.2,8.6,1.92,19.2,52,3
0.1,1200,60,250,15,True,404.5,8.1,8.6,1.92,10.3,58,3
0.08,1000,60,250,20,True,394.68,7.9,7.0,1.92,17.0,53,3
0.08,1000,60,250,25,True,394.41,7.9,7.0,1.92,15.7,51,3
0.1,500,60,400,15,True,706.16,14.1,10.1,1.91,18.3,60,3
0.08,300,40,400,15,True,681.06,13.6,7.0,1.91,16.4,61,2
0.1,500,80,300,25,True,498.59,10.0,10.5,1.91,19.2,52,3
0.06,750,60,200,20,True,312.57,6.3,6.1,1.91,14.8,54,3
0.1,1000,60,400,20,True,534.4,10.7,9.7,1.9,13.5,52,2
0.08,500,60,300,25,True,466.62,9.3,6.7,1.9,17.3,52,3
0.1,750,60,300,20,True,462.98,9.3,9.2,1.9,14.5,55,3
0.08,750,60,250,25,True,386.16,7.7,7.7,1.9,15.1,53,3
0.1,300,40,400,25,True,670.44,13.4,7.3,1.89,20.0,55,3
0.1,750,40,150,25,True,491.91,9.8,6.0,1.89,11.1,54,5
0.1,1000,40,300,20,True,452.23,9.0,8.3,1.89,16.7,54,3
0.1,300,80,150,25,True,628.57,12.6,6.2,1.88,22.2,54,7
0.08,300,40,250,25,True,553.9,11.1,8.1,1.88,19.6,56,4
0.1,500,100,300,25,True,485.14,9.7,10.5,1.88,19.2,52,3
0.08,750,80,300,25,True,446.57,8.9,6.5,1.88,13.7,51,3
0.08,750,100,300,25,True,446.57,8.9,6.5,1.88,13.7,51,3
0.08,750,60,250,20,True,381.05,7.6,7.8,1.88,14.5,55,3
0.06,1000,80,150,15,True,328.97,6.6,4.7,1.88,15.8,57,4
0.06,1000,100,150,15,True,328.97,6.6,4.7,1.88,15.8,57,4
0.06,1000,40,150,15,True,325.65,6.5,4.4,1.88,13.8,58,4
0.1,1200,40,200,20,True,323.03,6.5,7.2,1.88,14.8,54,3
0.1,300,80,250,15,True,858.57,17.2,6.5,1.87,16.9,59,6
0.1,300,100,250,15,True,858.57,17.2,6.5,1.87,16.9,59,6
0.1,300,100,200,25,True,644.86,12.9,6.4,1.87,18.9,53,5
0.1,500,60,150,20,True,565.49,11.3,4.8,1.87,17.9,56,6
0.08,300,80,300,25,True,512.25,10.2,8.5,1.87,19.2,52,3
0.08,300,100,300,25,True,512.25,10.2,8.5,1.87,19.2,52,3
0.06,500,40,250,15,True,440.36,8.8,6.6,1.87,18.0,61,3
0.1,1200,100,250,15,True,397.14,7.9,8.7,1.87,11.9,59,3
0.08,1000,80,200,25,True,299.99,6.0,6.8,1.87,15.7,51,3
0.1,300,60,200,25,True,629.76,12.6,7.4,1.86,20.0,55,5
0.1,500,80,150,25,True,490.41,9.8,6.2,1.86,18.9,53,5
0.08,750,80,300,20,True,441.46,8.8,6.6,1.86,13.2,53,3
0.08,750,100,300,20,True,441.46,8.8,6.6,1.86,13.2,53,3
0.06,1000,40,250,20,True,336.65,6.7,6.6,1.86,13.5,52,2
0.08,1200,40,200,20,True,301.15,6.0,6.9,1.86,14.8,54,3
0.08,300,40,200,20,True,602.02,12.0,6.1,1.85,17.2,58,5
0.06,750,80,250,25,True,374.99,7.5,6.0,1.85,11.8,51,3
0.08,300,40,400,20,True,592.78,11.9,6.4,1.84,16.4,55,2
0.1,1000,80,400,15,True,524.96,10.5,11.3,1.84,15.8,57,2
0.1,1000,100,400,15,True,524.96,10.5,11.3,1.84,15.8,57,2
0.1,500,100,150,25,True,476.96,9.5,6.2,1.84,18.9,53,5
0.1,1000,80,300,20,True,436.57,8.7,8.4,1.84,17.0,53,3
0.1,1000,100,300,20,True,436.57,8.7,8.4,1.84,17.0,53,3
0.1,1000,80,300,25,True,432.39,8.6,8.5,1.84,15.7,51,3
0.06,500,40,200,25,True,329.01,6.6,7.4,1.84,18.9,53,3
0.1,300,40,300,25,True,636.24,12.7,7.3,1.83,21.1,57,4
0.08,750,60,300,25,True,434.64,8.7,6.7,1.83,13.5,52,3
0.08,750,100,250,15,True,382.56,7.7,8.3,1.83,13.8,58,3
0.06,750,40,250,20,True,371.37,7.4,6.1,1.83,11.1,54,3
0.06,750,80,250,20,True,369.87,7.4,6.1,1.83,11.3,53,3
0.08,1200,80,150,25,True,298.48,6.0,4.9,1.83,9.8,51,4
0.1,750,60,400,25,True,567.64,11.4,9.2,1.82,11.5,52,3
0.08,500,80,150,15,True,485.95,9.7,5.6,1.82,16.9,59,6
0.08,500,100,150,15,True,485.95,9.7,5.6,1.82,16.9,59,6
0.06,1000,100,150,20,True,305.9,6.1,4.8,1.82,17.0,53,4
0.08,300,60,200,20,True,601.89,12.0,6.8,1.81,19.3,57,5
0.08,300,80,150,20,True,536.53,10.7,4.8,1.81,18.2,55,6
0.08,300,100,150,20,True,536.53,10.7,4.8,1.81,18.2,55,6
0.08,750,60,300,20,True,429.53,8.6,6.8,1.81,13.0,54,3
0.08,1200,60,200,15,True,305.64,6.1,7.4,1.81,12.1,58,3
0.08,300,80,200,15,True,654.32,13.1,5.5,1.8,16.9,59,6
0.08,300,100,200,15,True,654.32,13.1,5.5,1.8,16.9,59,6
0.08,300,60,400,20,True,592.65,11.9,7.1,1.8,18.5,54,2
0.06,300,40,300,15,True,496.58,9.9,6.5,1.8,18.3,60,2
0.1,1000,80,150,20,True,418.48,8.4,6.6,1.8,16.4,55,5
0.1,1000,100,150,20,True,418.48,8.4,6.6,1.8,16.4,55,5
0.06,300,80,200,25,True,415.82,8.3,7.3,1.8,17.0,53,4
0.06,300,100,200,25,True,415.82,8.3,7.3,1.8,17.0,53,4
0.08,750,100,200,15,True,384.8,7.7,7.8,1.8,13.6,59,4
0.1,750,60,150,25,True,466.79,9.3,6.1,1.79,13.0,54,5
0.06,300,60,300,25,True,446.77,8.9,6.4,1.79,18.0,50,2
0.1,750,80,150,15,True,416.86,8.3,6.8,1.79,15.3,59,5
0.1,750,100,150,15,True,416.86,8.3,6.8,1.79,15.3,59,5
0.1,1000,40,150,20,True,362.79,7.3,8.4,1.79,17.9,56,4
0.06,500,40,150,15,True,333.15,6.7,4.4,1.79,17.7,62,4
0.1,300,40,400,20,True,626.53,12.5,7.6,1.78,19.3,57,3
0.06,300,60,150,15,True,508.61,10.2,4.4,1.78,16.9,59,6
0.06,300,40,200,20,True,412.09,8.2,7.0,1.78,19.0,58,4
0.1,1000,80,150,15,True,410.2,8.2,7.2,1.78,16.9,59,5
0.1,1000,100,150,15,True,410.2,8.2,7.2,1.78,16.9,59,5
0.06,300,40,250,20,True,400.43,8.0,4.6,1.78,19.3,57,3
0.06,1000,60,250,15,True,324.9,6.5,7.6,1.78,15.8,57,2
0.1,300,60,400,20,True,624.19,12.5,7.7,1.77,19.3,57,3
0.1,300,40,200,25,True,596.69,11.9,7.3,1.77,21.1,57,5
0.1,500,60,250,15,True,506.98,10.1,7.4,1.77,18.0,61,4
0.08,300,40,300,25,True,474.76,9.5,8.0,1.77,20.0,55,3
0.08,1200,80,200,25,True,277.88,5.6,7.3,1.77,9.8,51,3
0.1,750,40,400,25,True,535.34,10.7,9.8,1.76,7.7,52,3
0.1,1200,60,250,20,True,342.74,6.9,7.4,1.76,11.3,53,3
0.1,1200,80,150,20,True,328.48,6.6,5.6,1.75,11.1,54,4
0.08,1000,40,200,25,True,277.89,5.6,7.2,1.74,17.0,53,3
0.08,1000,60,300,15,True,378.92,7.6,9.6,1.73,15.8,57,2
0.08,1000,80,300,15,True,378.92,7.6,9.6,1.73,15.8,57,2
0.1,300,40,300,20,True,592.33,11.8,8.7,1.72,20.3,59,4
0.1,750,60,200,25,True,409.1,8.2,7.6,1.72,13.2,53,4
0.08,500,60,150,15,True,393.05,7.9,4.0,1.72,16.4,61,5
0.1,1000,40,200,25,True,310.18,6.2,8.5,1.72,17.0,53,3
0.1,300,80,200,15,True,628.62,12.6,6.5,1.71,16.9,59,6
0.1,300,100,200,15,True,628.62,12.6,6.5,1.71,16.9,59,6
0.1,1200,100,250,20,True,332.71,6.7,7.6,1.71,13.0,54,3
0.06,1000,40,200,20,True,272.53,5.5,6.7,1.71,13.2,53,3
0.1,300,40,250,25,True,540.62,10.8,7.3,1.7,21.1,57,4
0.1,750,60,300,25,True,396.45,7.9,10.4,1.7,13.2,53,3
0.08,750,40,150,15,True,383.76,7.7,4.3,1.7,13.1,61,5
0.08,500,60,250,25,True,359.29,7.2,9.7,1.7,18.9,53,3
0.1,750,80,250,25,True,348.1,7.0,9.0,1.7,15.4,52,3
0.1,750,100,250,25,True,348.1,7.0,9.0,1.7,15.4,52,3
0.1,1200,40,250,25,True,336.46,6.7,7.6,1.7,13.7,51,3
0.08,1200,100,150,25,True,274.79,5.5,6.6,1.7,11.8,51,4
0.08,1200,60,200,20,True,263.7,5.3,7.5,1.7,13.0,54,3
0.1,500,40,400,15,True,605.18,12.1,10.7,1.69,14.8,61,3
0.08,300,60,400,15,True,594.05,11.9,9.8,1.69,18.6,59,2
0.1,300,60,300,20,True,578.8,11.6,11.3,1.69,19.0,58,4
0.06,750,80,200,25,True,264.06,5.3,7.0,1.69,13.5,52,3
0.1,300,40,200,20,True,552.78,11.1,7.6,1.68,20.3,59,5
0.08,300,80,150,15,True,480.05,9.6,4.9,1.68,16.9,59,6
0.08,300,100,150,15,True,480.05,9.6,4.9,1.68,16.9,59,6
0.1,750,80,250,20,True,342.98,6.9,9.1,1.68,14.8,54,3
0.1,750,100,250,20,True,342.98,6.9,9.1,1.68,14.8,54,3
0.06,750,40,250,25,True,327.76,6.6,6.9,1.68,9.6,52,3
0.08,1000,100,150,25,True,295.97,5.9,6.4,1.68,16.0,50,4
0.06,1200,100,150,20,True,263.55,5.3,4.8,1.68,15.1,53,4
0.08,750,40,250,25,True,319.22,6.4,9.3,1.67,11.1,54,3
0.06,750,40,200,20,True,260.45,5.2,7.1,1.67,12.7,55,3
0.06,750,80,200,20,True,258.95,5.2,7.1,1.67,13.0,54,3
0.06,1200,100,150,15,True,257.72,5.2,4.8,1.67,14.0,57,4
0.1,300,40,400,15,True,570.29,11.4,8.7,1.66,17.7,62,3
0.08,300,40,250,20,True,469.02,9.4,9.9,1.66,17.2,58,4
0.06,300,80,150,15,True,454.99,9.1,5.2,1.66,15.3,59,6
0.06,300,100,150,15,True,454.99,9.1,5.2,1.66,15.3,59,6
0.1,500,60,200,15,True,436.68,8.7,7.5,1.66,18.0,61,4
0.1,500,60,300,25,True,416.73,8.3,11.9,1.66,18.9,53,3
0.1,1000,40,250,20,True,327.71,6.6,9.7,1.66,16.4,55,3
0.1,300,100,400,25,True,566.45,11.3,10.0,1.65,17.6,51,3
0.1,750,40,200,15,True,466.37,9.3,5.2,1.65,10.0,60,5
0.06,300,80,300,25,True,393.15,7.9,7.0,1.65,16.0,50,2
0.06,300,100,300,25,True,393.15,7.9,7.0,1.65,16.0,50,2
0.1,750,40,200,25,True,376.8,7.5,8.2,1.65,9.4,53,4
0.08,750,40,300,25,True,367.69,7.4,8.3,1.65,9.4,53,3
0.1,300,60,200,20,True,533.28,10.7,7.1,1.64,19.0,58,5
0.1,750,60,250,20,True,331.05,6.6,9.3,1.64,14.5,55,3
0.08,1200,100,200,25,True,254.19,5.1,7.7,1.64,11.8,51,3
0.08,300,60,250,20,True,468.89,9.4,10.6,1.63,19.3,57,4
0.1,500,60,150,25,True,408.55,8.2,7.0,1.63,18.5,54,5
0.1,1200,40,150,15,True,218.31,4.4,5.3,1.63,15.5,58,3
0.06,1200,60,150,25,True,189.47,3.8,6.0,1.63,13.7,51,3
0.1,300,80,150,20,True,501.26,10.0,5.9,1.62,19.6,56,7
0.08,300,60,150,25,True,399.08,8.0,5.1,1.62,20.4,54,5
0.1,1000,80,250,20,True,312.06,6.2,9.9,1.62,16.7,54,3
0.1,1000,100,250,20,True,312.06,6.2,9.9,1.62,16.7,54,3
0.06,1000,60,200,15,True,258.58,5.2,7.7,1.62,15.5,58,3
0.1,300,40,300,15,True,536.09,10.7,8.9,1.61,18.8,64,4
0.1,300,40,250,20,True,496.71,9.9,8.8,1.61,20.3,59,4
0.1,1000,80,250,25,True,307.87,6.2,9.9,1.61,15.4,52,3
0.06,750,80,200,15,True,249.04,5.0,7.5,1.61,12.1,58,3
0.1,1000,60,300,25,True,349.02,7.0,9.9,1.6,11.8,51,3
0.06,300,60,250,25,True,338.68,6.8,6.5,1.6,17.6,51,3
0.1,300,60,150,25,True,487.41,9.7,7.4,1.59,21.4,56,7
0.1,1000,60,300,20,True,347.01,6.9,10.0,1.59,13.2,53,3
0.08,750,80,200,25,True,246.77,4.9,7.7,1.59,15.4,52,3
0.08,750,100,200,25,True,246.77,4.9,7.7,1.59,15.4,52,3
0.1,500,40,300,20,True,382.9,7.7,12.0,1.58,15.8,57,3
0.08,1000,60,250,15,True,298.7,6.0,9.7,1.58,15.5,58,3
0.08,1000,80,250,15,True,298.7,6.0,9.7,1.58,15.5,58,3
0.1,300,40,200,15,True,496.55,9.9,8.2,1.57,18.8,64,5
0.1,1000,80,300,15,True,355.91,7.1,11.7,1.57,15.5,58,3
0.1,1000,100,300,15,True,355.91,7.1,11.7,1.57,15.5,58,3
0.08,500,40,200,15,True,346.74,6.9,6.7,1.57,14.5,62,4
0.08,750,80,200,20,True,241.66,4.8,7.7,1.57,14.8,54,3
0.08,750,100,200,20,True,241.66,4.8,7.7,1.57,14.8,54,3
0.08,300,40,300,20,True,389.88,7.8,9.8,1.56,17.5,57,3
0.08,750,60,200,25,True,234.84,4.7,7.9,1.55,15.1,53,3
0.06,1200,40,150,20,True,175.3,3.5,6.3,1.55,14.8,54,3
0.08,300,40,250,15,True,414.85,8.3,7.3,1.54,17.2,64,4
0.08,300,60,300,20,True,389.75,7.8,10.5,1.54,19.6,56,3
0.08,300,80,150,25,True,362.83,7.3,5.3,1.54,18.9,53,5
0.08,300,100,150,25,True,362.83,7.3,5.3,1.54,18.9,53,5
0.1,1200,60,300,25,True,333.98,6.7,10.5,1.54,7.8,51,3
0.1,1200,80,300,25,True,333.98,6.7,10.5,1.54,7.8,51,3
0.08,1200,40,200,25,True,227.04,4.5,8.2,1.54,11.5,52,3
0.06,1200,80,150,25,True,176.49,3.5,6.2,1.54,15.7,51,3
0.1,500,40,150,20,True,363.54,7.3,7.2,1.53,15.5,58,5
0.08,750,60,200,20,True,229.72,4.6,8.0,1.53,14.5,55,3
0.08,1000,40,150,25,True,198.34,4.0,7.3,1.53,17.0,53,3
0.1,750,40,300,25,True,319.77,6.4,11.7,1.52,7.5,53,3
0.1,1000,80,150,25,True,273.89,5.5,9.1,1.52,15.1,53,4
0.08,1200,80,200,15,True,234.56,4.7,8.7,1.52,12.1,58,3
0.1,1200,60,200,20,True,229.77,4.6,8.9,1.52,11.1,54,3
0.06,750,40,200,25,True,216.84,4.3,7.9,1.52,11.3,53,3
0.06,1200,40,150,15,True,166.24,3.3,6.2,1.52,13.8,58,3
0.08,1000,40,200,20,True,220.41,4.4,8.4,1.51,16.4,55,3
0.08,1000,80,200,20,True,217.78,4.4,8.4,1.51,16.7,54,3
0.06,750,60,150,25,True,173.6,3.5,6.2,1.51,15.4,52,3
0.1,300,40,250,15,True,440.47,8.8,8.9,1.5,18.8,64,4
0.1,300,40,150,25,True,429.82,8.6,7.3,1.5,21.1,57,6
0.1,500,40,250,15,True,382.85,7.7,8.3,1.5,14.5,62,4
0.08,1000,60,200,20,True,214.88,4.3,8.4,1.5,16.7,54,3
0.08,1000,60,200,25,True,214.61,4.3,8.4,1.5,15.4,52,3
0.1,1000,60,150,25,True,259.58,5.2,9.4,1.49,13.2,53,4
0.06,750,60,150,20,True,168.49,3.4,6.2,1.49,14.8,54,3
0.06,300,40,250,15,True,302.12,6.0,6.7,1.48,18.0,61,3
0.1,1000,60,150,20,True,257.57,5.2,9.5,1.48,14.5,55,4
0.1,1200,40,200,25,True,223.48,4.5,9.1,1.48,13.5,52,3
0.1,1200,100,200,20,True,219.73,4.4,9.1,1.48,12.7,55,3
0.1,300,80,150,15,True,456.75,9.1,6.9,1.47,18.3,60,7
0.06,300,40,200,15,True,301.86,6.0,6.7,1.47,19.0,63,4
0.06,300,80,250,25,True,285.07,5.7,7.1,1.47,15.7,51,3
0.06,300,100,250,25,True,285.07,5.7,7.1,1.47,15.7,51,3
0.06,500,40,200,15,True,239.0,4.8,6.8,1.47,18.0,61,3
0.1,1000,40,200,20,True,236.2,4.7,9.9,1.47,16.4,55,3
0.08,1000,100,200,25,True,206.48,4.1,8.5,1.47,16.0,50,3
0.08,1200,40,150,20,True,164.4,3.3,7.0,1.47,14.8,54,3
0.08,300,40,150,25,True,325.35,6.5,5.9,1.46,19.6,56,5
0.1,750,60,250,25,True,264.53,5.3,10.5,1.46,13.2,53,3
0.1,1200,40,150,20,True,168.75,3.4,7.3,1.46,14.8,54,3
0.1,300,60,400,15,True,441.13,8.8,10.8,1.45,18.0,61,3
0.08,300,40,300,15,True,338.14,6.8,7.4,1.45,16.1,62,3
0.06,1000,40,150,25,True,151.67,3.0,6.8,1.45,11.8,51,3
0.08,500,40,300,15,True,305.96,6.1,9.1,1.44,14.8,61,3
0.1,1000,80,200,20,True,220.54,4.4,10.0,1.44,16.7,54,3
0.1,1000,100,200,20,True,220.54,4.4,10.0,1.44,16.7,54,3
0.06,1000,60,150,20,True,156.34,3.1,6.8,1.44,16.7,54,3
0.06,1000,60,150,25,True,154.18,3.1,6.8,1.44,15.4,52,3
0.1,1000,80,200,25,True,216.36,4.3,10.0,1.43,15.4,52,3
0.08,1200,100,200,15,True,209.66,4.2,9.2,1.43,13.8,58,3
0.08,1200,80,200,20,True,192.62,3.9,8.8,1.43,13.0,54,3
0.1,300,40,150,20,True,385.9,7.7,7.8,1.42,20.3,59,6
0.1,500,60,150,15,True,333.7,6.7,9.8,1.42,19.4,62,5
0.08,300,40,200,15,True,317.83,6.4,7.4,1.42,17.2,64,4
0.1,500,40,200,15,True,312.55,6.3,8.4,1.41,14.5,62,4
0.1,1000,80,250,15,True,254.67,5.1,11.8,1.41,15.5,58,3
0.1,1000,100,250,15,True,254.67,5.1,11.8,1.41,15.5,58,3
0.06,1000,80,150,25,True,147.86,3.0,6.9,1.41,16.0,50,3
0.06,1000,100,150,25,True,147.86,3.0,6.9,1.41,16.0,50,3
0.1,300,60,300,15,True,406.93,8.1,10.9,1.4,19.0,63,4
