target,lot,step,max_l,mode,use_trix,net_profit,final_balance,max_dd_pct,harvest_count,total_trades,roi_pct
100.0,0.08,300.0,4,per_order,False,48489.59765625,58489.59765625,32.231923424700156,353,354,484.8959765625
100.0,0.1,300.0,3,per_order,False,48139.99755859375,58139.99755859375,26.51234489021449,345,346,481.3999755859375
100.0,0.1,300.0,4,per_order,False,48139.99755859375,58139.99755859375,26.51234489021449,345,346,481.3999755859375
100.0,0.08,300.0,3,per_order,False,47006.39453125,57006.39453125,32.9526569256612,346,347,470.06394531250004
100.0,0.08,300.0,4,per_order,True,44815.99609375,54815.99609375,32.231923424700156,337,338,448.15996093750005
100.0,0.1,300.0,2,per_order,False,43664.99267578125,53664.99267578125,28.48099929845474,315,316,436.6499267578125
100.0,0.1,400.0,4,per_order,False,43339.99755859375,53339.99755859375,28.54876055184557,311,312,433.39997558593745
100.0,0.1,400.0,3,per_order,False,43339.99755859375,53339.99755859375,28.54876055184557,311,312,433.39997558593745
100.0,0.08,300.0,3,per_order,True,43332.79296875,53332.79296875,32.9526569256612,330,331,433.32792968750005
100.0,0.08,400.0,3,per_order,False,42992.796875,52992.796875,23.37987184007156,318,319,429.92796875000005
100.0,0.08,400.0,4,per_order,False,42992.796875,52992.796875,23.37987184007156,318,319,429.92796875000005
100.0,0.1,300.0,3,per_order,True,42881.99462890625,52881.99462890625,26.51234489021449,327,328,428.8199462890625
100.0,0.1,300.0,4,per_order,True,42881.99462890625,52881.99462890625,26.51234489021449,327,328,428.8199462890625
100.0,0.05,300.0,4,per_order,False,42009.5068359375,52009.5068359375,29.034759070039446,339,340,420.09506835937503
100.0,0.1,400.0,2,per_order,False,41934.00390625,51934.00390625,28.948863716039792,302,303,419.3400390625
100.0,0.05,300.0,4,per_order,True,41292.510986328125,51292.510986328125,29.034759070039446,334,335,412.9251098632812
100.0,0.08,400.0,4,per_order,True,39857.59375,49857.59375,23.37987184007156,304,305,398.5759375
100.0,0.08,400.0,3,per_order,True,39857.59375,49857.59375,23.37987184007156,304,305,398.5759375
100.0,0.08,300.0,2,per_order,False,39419.990234375,49419.990234375,24.455333309561738,297,298,394.19990234375
100.0,0.1,500.0,4,per_order,False,39417.99560546875,49417.99560546875,29.601766827926134,283,284,394.1799560546875
100.0,0.1,500.0,3,per_order,False,39417.99560546875,49417.99560546875,29.601766827926134,283,284,394.1799560546875
100.0,0.1,500.0,2,per_order,False,39417.99560546875,49417.99560546875,29.601766827926134,283,284,394.1799560546875
100.0,0.08,500.0,4,per_order,False,38861.591796875,48861.591796875,24.147177744560793,290,291,388.61591796875
100.0,0.08,500.0,3,per_order,False,38861.591796875,48861.591796875,24.147177744560793,290,291,388.61591796875
100.0,0.05,400.0,4,per_order,False,38754.00634765625,48754.00634765625,30.326729559910113,314,315,387.54006347656247
100.0,0.08,400.0,2,per_order,False,38690.396484375,48690.396484375,24.561403508771928,291,292,386.90396484375003
100.0,0.1,400.0,4,per_order,True,38613.994140625,48613.994140625,28.54876055184557,295,296,386.13994140625
100.0,0.1,400.0,3,per_order,True,38613.994140625,48613.994140625,28.54876055184557,295,296,386.13994140625
75.0,0.1,300.0,3,per_order,False,38541.9873046875,48541.9873046875,28.795050850635047,339,340,385.419873046875
75.0,0.1,300.0,4,per_order,False,38541.9873046875,48541.9873046875,28.795050850635047,339,340,385.419873046875
100.0,0.1,300.0,2,per_order,True,38467.9931640625,48467.9931640625,28.48099929845474,296,297,384.679931640625
100.0,0.05,400.0,4,per_order,True,38037.010498046875,48037.010498046875,30.326729559910113,309,310,380.3701049804688
100.0,0.08,500.0,2,per_order,False,37683.189453125,47683.189453125,23.510429494583335,283,284,376.83189453125
100.0,0.05,300.0,3,per_order,False,37248.505859375,47248.505859375,23.612452641857107,302,303,372.48505859375
75.0,0.1,300.0,2,per_order,False,37190.9814453125,47190.9814453125,29.158221442052174,331,332,371.90981445312497
100.0,0.1,400.0,2,per_order,True,37021.99951171875,47021.99951171875,28.948863716039792,285,286,370.21999511718747
100.0,0.1,300.0,3,basket,False,36908.00537109375,46908.00537109375,29.762833484087402,204,350,369.0800537109375
100.0,0.1,300.0,4,basket,False,36908.00537109375,46908.00537109375,29.762833484087402,204,350,369.0800537109375
75.0,0.08,300.0,4,per_order,False,36650.400390625,46650.400390625,23.785914053189654,346,347,366.50400390625003
75.0,0.08,300.0,3,per_order,False,36650.400390625,46650.400390625,23.785914053189654,346,347,366.50400390625003
100.0,0.05,300.0,3,per_order,True,36531.510009765625,46531.510009765625,23.612452641857107,297,298,365.3151000976563
100.0,0.1,300.0,2,basket,False,36344.00146484375,46344.00146484375,29.811796460370303,204,346,363.4400146484375
100.0,0.05,400.0,3,per_order,False,36239.508056640625,46239.508056640625,23.644209838147464,297,298,362.39508056640625
100.0,0.08,500.0,4,per_order,True,35583.189453125,45583.189453125,24.147177744560793,275,276,355.83189453125
100.0,0.08,500.0,3,per_order,True,35583.189453125,45583.189453125,24.147177744560793,275,276,355.83189453125
100.0,0.05,400.0,3,per_order,True,35522.51220703125,45522.51220703125,23.644209838147464,292,293,355.2251220703125
100.0,0.1,400.0,3,basket,False,35330.01220703125,45330.01220703125,30.357492519924012,203,333,353.3001220703125
100.0,0.1,400.0,2,basket,False,35330.01220703125,45330.01220703125,30.357492519924012,203,333,353.3001220703125
100.0,0.1,400.0,4,basket,False,35330.01220703125,45330.01220703125,30.357492519924012,203,333,353.3001220703125
100.0,0.08,300.0,2,per_order,True,35135.189453125,45135.189453125,24.455333309561738,279,280,351.35189453125
100.0,0.05,500.0,4,per_order,False,34725.003662109375,44725.003662109375,31.361803916260417,286,287,347.2500366210938
75.0,0.05,300.0,4,per_order,False,34722.003173828125,44722.003173828125,31.191966480312715,353,354,347.22003173828125
75.0,0.1,400.0,4,per_order,False,34644.990234375,44644.990234375,31.017281255028667,307,308,346.44990234375
75.0,0.1,400.0,3,per_order,False,34644.990234375,44644.990234375,31.017281255028667,307,308,346.44990234375
75.0,0.1,400.0,2,per_order,False,34644.990234375,44644.990234375,31.017281255028667,307,308,346.44990234375
100.0,0.08,400.0,2,per_order,True,34591.19140625,44591.19140625,24.561403508771928,274,275,345.9119140625
100.0,0.05,500.0,3,per_order,False,34200.504150390625,44200.504150390625,23.74222397035534,282,283,342.0050415039062
100.0,0.05,500.0,4,per_order,True,34008.0078125,44008.0078125,31.361803916260417,281,282,340.080078125
75.0,0.08,300.0,2,per_order,False,33909.59375,43909.59375,25.187397077560924,321,322,339.0959375
100.0,0.1,500.0,4,per_order,True,33770.98876953125,43770.98876953125,30.405390179265645,262,263,337.7098876953125
100.0,0.1,500.0,3,per_order,True,33770.98876953125,43770.98876953125,30.405390179265645,262,263,337.7098876953125
100.0,0.1,500.0,2,per_order,True,33770.98876953125,43770.98876953125,30.405390179265645,262,263,337.7098876953125
100.0,0.08,500.0,2,per_order,True,33543.986328125,43543.986328125,23.796561716608256,266,267,335.43986328125
100.0,0.05,500.0,3,per_order,True,33483.50830078125,43483.50830078125,23.74222397035534,277,278,334.8350830078125
100.0,0.1,500.0,2,basket,False,33294.01611328125,43294.01611328125,32.00377231544053,200,313,332.9401611328125
100.0,0.1,500.0,3,basket,False,33294.01611328125,43294.01611328125,32.00377231544053,200,313,332.9401611328125
100.0,0.1,500.0,4,basket,False,33294.01611328125,43294.01611328125,32.00377231544053,200,313,332.9401611328125
75.0,0.05,300.0,4,per_order,True,33216.005859375,43216.005859375,31.191966480312715,341,342,332.16005859375
75.0,0.1,300.0,4,per_order,True,33022.98095703125,43022.98095703125,28.795050850635047,314,315,330.2298095703125
75.0,0.1,300.0,3,per_order,True,33022.98095703125,43022.98095703125,28.795050850635047,314,315,330.2298095703125
75.0,0.08,400.0,3,per_order,False,32748.00390625,42748.00390625,25.512522167913836,312,313,327.4800390625
75.0,0.08,400.0,4,per_order,False,32748.00390625,42748.00390625,25.512522167913836,312,313,327.4800390625
75.0,0.05,300.0,3,per_order,False,32635.0,42635.0,24.352526910788892,334,335,326.35
75.0,0.08,300.0,3,per_order,True,32614.3984375,42614.3984375,23.785914053189654,327,328,326.143984375
75.0,0.08,300.0,4,per_order,True,32614.3984375,42614.3984375,23.785914053189654,327,328,326.143984375
75.0,0.08,400.0,2,per_order,False,32218.40625,42218.40625,25.83951862321011,306,307,322.1840625
100.0,0.08,300.0,3,basket,False,32179.203125,42179.203125,27.038612443725878,189,354,321.79203125
100.0,0.08,300.0,4,basket,False,32179.203125,42179.203125,27.038612443725878,189,354,321.79203125
75.0,0.1,300.0,2,per_order,True,31825.97412109375,41825.97412109375,29.94474307866953,304,305,318.2597412109375
100.0,0.08,300.0,2,basket,False,31460.796875,41460.796875,27.30374487703631,189,341,314.60796875
75.0,0.05,300.0,3,per_order,True,31129.002685546875,41129.002685546875,24.352526910788892,322,323,311.29002685546874
50.0,0.1,300.0,3,per_order,False,31001.99951171875,41001.99951171875,28.255122541822765,351,352,310.0199951171875
50.0,0.1,300.0,4,per_order,False,31001.99951171875,41001.99951171875,28.255122541822765,351,352,310.0199951171875
50.0,0.1,300.0,2,per_order,False,31001.99951171875,41001.99951171875,28.255122541822765,351,352,310.0199951171875
75.0,0.1,500.0,3,per_order,False,30733.99658203125,40733.99658203125,32.47630606685823,275,276,307.3399658203125
75.0,0.1,500.0,4,per_order,False,30733.99658203125,40733.99658203125,32.47630606685823,275,276,307.3399658203125
75.0,0.1,500.0,2,per_order,False,30733.99658203125,40733.99658203125,32.47630606685823,275,276,307.3399658203125
75.0,0.05,400.0,4,per_order,False,30687.000732421875,40687.000732421875,25.11210355031745,318,319,306.87000732421876
75.0,0.05,400.0,3,per_order,False,30469.002685546875,40469.002685546875,25.274131693889256,316,317,304.6900268554687
75.0,0.08,300.0,2,per_order,True,30315.994140625,40315.994140625,25.187397077560924,304,305,303.15994140625
75.0,0.1,300.0,4,basket,False,30233.994140625,40233.994140625,33.437254612316615,224,344,302.33994140625
75.0,0.1,300.0,2,basket,False,30233.994140625,40233.994140625,33.437254612316615,224,344,302.33994140625
75.0,0.1,300.0,3,basket,False,30233.994140625,40233.994140625,33.437254612316615,224,344,302.33994140625
100.0,0.08,400.0,4,basket,False,30000.791015625,40000.791015625,27.970480914713896,184,325,300.00791015625003
100.0,0.08,400.0,3,basket,False,30000.791015625,40000.791015625,27.970480914713896,184,325,300.00791015625003
100.0,0.08,400.0,2,basket,False,29985.591796875,39985.591796875,27.970480914713896,184,324,299.85591796875
75.0,0.1,400.0,2,basket,False,29868.0029296875,39868.0029296875,32.377538219037945,222,326,298.680029296875
75.0,0.1,400.0,4,basket,False,29868.0029296875,39868.0029296875,32.377538219037945,222,326,298.680029296875
75.0,0.1,400.0,3,basket,False,29868.0029296875,39868.0029296875,32.377538219037945,222,326,298.680029296875
75.0,0.08,500.0,2,per_order,False,29751.201171875,39751.201171875,26.42811043484362,283,284,297.51201171875
75.0,0.08,500.0,3,per_order,False,29751.201171875,39751.201171875,26.42811043484362,283,284,297.51201171875
75.0,0.08,500.0,4,per_order,False,29751.201171875,39751.201171875,26.42811043484362,283,284,297.51201171875
75.0,0.05,400.0,4,per_order,True,29172.50244140625,39172.50244140625,25.11210355031745,306,307,291.72502441406255
75.0,0.1,400.0,4,per_order,True,28993.9794921875,38993.9794921875,31.78606782014465,279,280,289.939794921875
75.0,0.1,400.0,2,per_order,True,28993.9794921875,38993.9794921875,31.78606782014465,279,280,289.939794921875
75.0,0.1,400.0,3,per_order,True,28993.9794921875,38993.9794921875,31.78606782014465,279,280,289.939794921875
75.0,0.05,400.0,3,per_order,True,28954.50439453125,38954.50439453125,25.274131693889256,304,305,289.5450439453125
75.0,0.08,400.0,4,per_order,True,28892.802734375,38892.802734375,25.512522167913836,293,294,288.92802734375
75.0,0.08,400.0,3,per_order,True,28892.802734375,38892.802734375,25.512522167913836,293,294,288.92802734375
75.0,0.1,500.0,2,basket,False,28837.00439453125,38837.00439453125,33.28554497756339,220,305,288.3700439453125
75.0,0.1,500.0,4,basket,False,28837.00439453125,38837.00439453125,33.28554497756339,220,305,288.3700439453125
75.0,0.1,500.0,3,basket,False,28837.00439453125,38837.00439453125,33.28554497756339,220,305,288.3700439453125
100.0,0.08,500.0,3,basket,False,28661.595703125,38661.595703125,28.363115744362076,180,307,286.61595703125
100.0,0.08,500.0,4,basket,False,28661.595703125,38661.595703125,28.363115744362076,180,307,286.61595703125
100.0,0.08,500.0,2,basket,False,28661.595703125,38661.595703125,28.363115744362076,180,307,286.61595703125
75.0,0.08,400.0,2,per_order,True,28428.00390625,38428.00390625,25.83951862321011,288,289,284.2800390625
50.0,0.08,300.0,4,per_order,False,28128.79296875,38128.79296875,25.97265339367875,348,349,281.28792968749997
50.0,0.08,300.0,3,per_order,False,28128.79296875,38128.79296875,25.97265339367875,348,349,281.28792968749997
50.0,0.08,300.0,2,per_order,False,28113.59375,38113.59375,25.97265339367875,348,349,281.1359375
75.0,0.05,500.0,4,per_order,False,27608.9990234375,37608.9990234375,25.829368033894905,289,290,276.089990234375
75.0,0.05,500.0,3,per_order,False,27608.9990234375,37608.9990234375,25.829368033894905,289,290,276.089990234375
100.0,0.1,300.0,4,basket,True,27588.98681640625,37588.98681640625,31.520438848135502,174,299,275.88986816406253
100.0,0.1,300.0,3,basket,True,27588.98681640625,37588.98681640625,31.520438848135502,174,299,275.88986816406253
100.0,0.1,300.0,2,basket,True,27524.98779296875,37524.98779296875,31.580727849539603,174,295,275.2498779296875
50.0,0.1,300.0,4,basket,False,27472.99072265625,37472.99072265625,30.336240298869395,278,352,274.7299072265625
50.0,0.1,300.0,2,basket,False,27472.99072265625,37472.99072265625,30.336240298869395,278,352,274.7299072265625
50.0,0.1,300.0,3,basket,False,27472.99072265625,37472.99072265625,30.336240298869395,278,352,274.7299072265625
100.0,0.1,400.0,4,basket,True,27363.9990234375,37363.9990234375,32.19096801654245,174,288,273.639990234375
100.0,0.1,400.0,2,basket,True,27363.9990234375,37363.9990234375,32.19096801654245,174,288,273.639990234375
100.0,0.1,400.0,3,basket,True,27363.9990234375,37363.9990234375,32.19096801654245,174,288,273.639990234375
100.0,0.05,300.0,2,per_order,False,26733.50341796875,36733.50341796875,17.895818896099247,226,227,267.3350341796875
75.0,0.08,300.0,3,basket,False,26732.0,36732.0,27.809988786737005,207,345,267.32
75.0,0.08,300.0,4,basket,False,26732.0,36732.0,27.809988786737005,207,345,267.32
75.0,0.08,300.0,2,basket,False,26716.80078125,36716.80078125,27.809988786737005,207,344,267.16800781250004
75.0,0.08,400.0,3,basket,False,26615.212890625,36615.212890625,28.27243740020826,206,331,266.15212890625
75.0,0.08,400.0,2,basket,False,26615.212890625,36615.212890625,28.27243740020826,206,331,266.15212890625
75.0,0.08,400.0,4,basket,False,26615.212890625,36615.212890625,28.27243740020826,206,331,266.15212890625
100.0,0.05,400.0,2,per_order,False,26571.50390625,36571.50390625,17.924460887965783,226,227,265.7150390625
100.0,0.05,500.0,2,per_order,False,26070.00732421875,36070.00732421875,17.98378100420112,223,224,260.7000732421875
100.0,0.05,300.0,2,per_order,True,26035.006103515625,36035.006103515625,17.910516977875687,221,222,260.3500610351563
75.0,0.05,500.0,3,per_order,True,26005.001220703125,36005.001220703125,25.829368033894905,276,277,260.0500122070312
75.0,0.05,500.0,4,per_order,True,26005.001220703125,36005.001220703125,25.829368033894905,276,277,260.0500122070312
100.0,0.1,500.0,4,basket,True,25951.00341796875,35951.00341796875,33.52886609068895,172,271,259.5100341796875
100.0,0.1,500.0,3,basket,True,25951.00341796875,35951.00341796875,33.52886609068895,172,271,259.5100341796875
100.0,0.1,500.0,2,basket,True,25951.00341796875,35951.00341796875,33.52886609068895,172,271,259.5100341796875
50.0,0.1,400.0,3,per_order,False,25939.990234375,35939.990234375,31.338945796558697,306,307,259.39990234375
50.0,0.1,400.0,2,per_order,False,25939.990234375,35939.990234375,31.338945796558697,306,307,259.39990234375
50.0,0.1,400.0,4,per_order,False,25939.990234375,35939.990234375,31.338945796558697,306,307,259.39990234375
100.0,0.05,400.0,2,per_order,True,25854.508056640625,35854.508056640625,17.94685884503446,221,222,258.5450805664062
100.0,0.05,500.0,2,per_order,True,25353.011474609375,35353.011474609375,18.071700279395312,218,219,253.53011474609377
75.0,0.08,500.0,3,basket,False,25303.21484375,35303.21484375,29.418739466993372,201,312,253.03214843749998
75.0,0.08,500.0,2,basket,False,25303.21484375,35303.21484375,29.418739466993372,201,312,253.03214843749998
75.0,0.08,500.0,4,basket,False,25303.21484375,35303.21484375,29.418739466993372,201,312,253.03214843749998
75.0,0.08,500.0,3,per_order,True,25275.197265625,35275.197265625,27.484922852726857,259,260,252.75197265625
75.0,0.08,500.0,2,per_order,True,25275.197265625,35275.197265625,27.484922852726857,259,260,252.75197265625
75.0,0.08,500.0,4,per_order,True,25275.197265625,35275.197265625,27.484922852726857,259,260,252.75197265625
75.0,0.05,300.0,2,per_order,False,25167.493896484375,35167.493896484375,18.022168016130678,270,271,251.67493896484373
50.0,0.1,400.0,2,basket,False,25022.99560546875,35022.99560546875,31.9710564744475,278,316,250.2299560546875
50.0,0.1,400.0,4,basket,False,25022.99560546875,35022.99560546875,31.9710564744475,278,316,250.2299560546875
50.0,0.1,400.0,3,basket,False,25022.99560546875,35022.99560546875,31.9710564744475,278,316,250.2299560546875
75.0,0.1,500.0,4,per_order,True,25013.9892578125,35013.9892578125,33.50171956487024,247,248,250.139892578125
75.0,0.1,500.0,3,per_order,True,25013.9892578125,35013.9892578125,33.50171956487024,247,248,250.139892578125
75.0,0.1,500.0,2,per_order,True,25013.9892578125,35013.9892578125,33.50171956487024,247,248,250.139892578125
100.0,0.08,300.0,3,basket,True,24743.203125,34743.203125,27.549118686156387,163,308,247.43203125000002
100.0,0.08,300.0,4,basket,True,24743.203125,34743.203125,27.549118686156387,163,308,247.43203125000002
75.0,0.05,400.0,2,per_order,False,24695.498046875,34695.498046875,18.245216377654337,266,267,246.95498046875
75.0,0.05,500.0,2,per_order,False,24504.00146484375,34504.00146484375,18.34658258330745,263,264,245.0400146484375
100.0,0.08,300.0,2,basket,True,24417.599609375,34417.599609375,27.790239271639987,163,296,244.17599609375
50.0,0.08,400.0,3,per_order,False,24238.38671875,34238.38671875,28.42713447910765,311,312,242.38386718750002
50.0,0.08,400.0,2,per_order,False,24238.38671875,34238.38671875,28.42713447910765,311,312,242.38386718750002
50.0,0.08,400.0,4,per_order,False,24238.38671875,34238.38671875,28.42713447910765,311,312,242.38386718750002
50.0,0.05,300.0,3,per_order,False,24069.998779296875,34069.998779296875,18.49707362126331,345,346,240.69998779296876
50.0,0.05,300.0,4,per_order,False,24069.998779296875,34069.998779296875,18.49707362126331,345,346,240.69998779296876
75.0,0.1,300.0,4,basket,True,24051.0009765625,34051.0009765625,33.88233069699928,190,297,240.51000976562503
75.0,0.1,300.0,2,basket,True,24051.0009765625,34051.0009765625,33.88233069699928,190,297,240.51000976562503
75.0,0.1,300.0,3,basket,True,24051.0009765625,34051.0009765625,33.88233069699928,190,297,240.51000976562503
100.0,0.08,400.0,2,basket,True,23656.80078125,33656.80078125,28.78505631114096,158,285,236.5680078125
100.0,0.08,400.0,4,basket,True,23656.80078125,33656.80078125,28.78505631114096,158,285,236.5680078125
100.0,0.08,400.0,3,basket,True,23656.80078125,33656.80078125,28.78505631114096,158,285,236.5680078125
100.0,0.05,300.0,3,basket,False,23644.4970703125,33644.4970703125,18.699585863292796,165,364,236.444970703125
100.0,0.05,300.0,4,basket,False,23644.4970703125,33644.4970703125,18.699585863292796,165,364,236.444970703125
50.0,0.1,300.0,4,per_order,True,23497.9931640625,33497.9931640625,33.08070977599492,305,306,234.979931640625
50.0,0.1,300.0,3,per_order,True,23497.9931640625,33497.9931640625,33.08070977599492,305,306,234.979931640625
50.0,0.1,300.0,2,per_order,True,23497.9931640625,33497.9931640625,33.08070977599492,305,306,234.979931640625
75.0,0.1,400.0,4,basket,True,23407.99560546875,33407.99560546875,33.69308234784585,188,283,234.07995605468753
75.0,0.1,400.0,2,basket,True,23407.99560546875,33407.99560546875,33.69308234784585,188,283,234.07995605468753
75.0,0.1,400.0,3,basket,True,23407.99560546875,33407.99560546875,33.69308234784585,188,283,234.07995605468753
75.0,0.05,300.0,2,per_order,True,23142.996826171875,33142.996826171875,18.944036183956282,256,257,231.42996826171873
50.0,0.1,500.0,2,basket,False,22986.99462890625,32986.99462890625,33.469965223716144,278,279,229.8699462890625
50.0,0.1,500.0,4,per_order,False,22986.99462890625,32986.99462890625,33.469965223716144,278,279,229.8699462890625
50.0,0.1,500.0,4,basket,False,22986.99462890625,32986.99462890625,33.469965223716144,278,279,229.8699462890625
50.0,0.1,500.0,2,per_order,False,22986.99462890625,32986.99462890625,33.469965223716144,278,279,229.8699462890625
50.0,0.1,500.0,3,per_order,False,22986.99462890625,32986.99462890625,33.469965223716144,278,279,229.8699462890625
50.0,0.1,500.0,3,basket,False,22986.99462890625,32986.99462890625,33.469965223716144,278,279,229.8699462890625
50.0,0.08,300.0,4,basket,False,22880.798828125,32880.798828125,28.200850610384737,248,348,228.80798828125
50.0,0.08,300.0,2,basket,False,22880.798828125,32880.798828125,28.200850610384737,248,348,228.80798828125
50.0,0.08,300.0,3,basket,False,22880.798828125,32880.798828125,28.200850610384737,248,348,228.80798828125
100.0,0.08,500.0,3,basket,True,22700.00390625,32700.00390625,29.473596131094652,157,274,227.00003906249998
100.0,0.08,500.0,2,basket,True,22700.00390625,32700.00390625,29.473596131094652,157,274,227.00003906249998
100.0,0.08,500.0,4,basket,True,22700.00390625,32700.00390625,29.473596131094652,157,274,227.00003906249998
75.0,0.05,400.0,2,per_order,True,22520.0,32520.0,19.256756756756758,251,252,225.2
100.0,0.05,400.0,3,basket,False,22435.50048828125,32435.50048828125,19.299969209708724,160,336,224.3550048828125
100.0,0.05,400.0,4,basket,False,22435.50048828125,32435.50048828125,19.299969209708724,160,336,224.3550048828125
50.0,0.08,300.0,4,per_order,True,22394.38671875,32394.38671875,28.53749973037295,306,307,223.9438671875
50.0,0.08,300.0,3,per_order,True,22394.38671875,32394.38671875,28.53749973037295,306,307,223.9438671875
50.0,0.08,300.0,2,per_order,True,22379.1875,32379.1875,28.548148761928438,306,307,223.791875
75.0,0.05,300.0,4,basket,False,22306.988525390625,32306.988525390625,19.366062360913496,185,373,223.06988525390622
75.0,0.05,300.0,3,basket,False,22306.988525390625,32306.988525390625,19.366062360913496,185,373,223.06988525390622
75.0,0.05,500.0,2,per_order,True,22291.00341796875,32291.00341796875,19.374315101682075,248,249,222.9100341796875
75.0,0.1,500.0,3,basket,True,22136.9921875,32136.9921875,34.828672386666234,186,261,221.369921875
75.0,0.1,500.0,4,basket,True,22136.9921875,32136.9921875,34.828672386666234,186,261,221.369921875
75.0,0.1,500.0,2,basket,True,22136.9921875,32136.9921875,34.828672386666234,186,261,221.369921875
50.0,0.05,300.0,2,per_order,False,21832.496337890625,31832.496337890625,19.614063068047884,315,316,218.32496337890626
100.0,0.05,300.0,2,basket,False,21799.500732421875,31799.500732421875,19.631545148406296,161,306,217.99500732421876
50.0,0.05,400.0,4,per_order,False,21669.998779296875,31669.998779296875,19.700461481388317,311,312,216.69998779296873
50.0,0.05,400.0,3,per_order,False,21669.998779296875,31669.998779296875,19.700461481388317,311,312,216.69998779296873
50.0,0.08,500.0,4,per_order,False,21648.794921875,31648.794921875,30.43834189625735,281,282,216.48794921875
50.0,0.08,500.0,2,per_order,False,21648.794921875,31648.794921875,30.43834189625735,281,282,216.48794921875
50.0,0.08,500.0,3,per_order,False,21648.794921875,31648.794921875,30.43834189625735,281,282,216.48794921875
50.0,0.08,400.0,4,basket,False,21441.6015625,31441.6015625,30.035970193474753,243,318,214.416015625
50.0,0.08,400.0,2,basket,False,21441.6015625,31441.6015625,30.035970193474753,243,318,214.416015625
50.0,0.08,400.0,3,basket,False,21441.6015625,31441.6015625,30.035970193474753,243,318,214.416015625
50.0,0.05,300.0,3,per_order,True,21440.997314453125,31440.997314453125,19.82351963222474,327,328,214.40997314453125
50.0,0.05,300.0,4,per_order,True,21440.997314453125,31440.997314453125,19.82351963222474,327,328,214.40997314453125
100.0,0.05,300.0,3,basket,True,21260.48828125,31260.48828125,19.921608351210864,152,351,212.6048828125
100.0,0.05,300.0,4,basket,True,21260.48828125,31260.48828125,19.921608351210864,152,351,212.6048828125
100.0,0.05,400.0,2,basket,False,21255.5029296875,31255.5029296875,19.92433117100344,157,298,212.55502929687503
75.0,0.08,300.0,4,basket,True,21196.802734375,31196.802734375,29.401648586173717,176,295,211.96802734375
75.0,0.08,300.0,3,basket,True,21196.802734375,31196.802734375,29.401648586173717,176,295,211.96802734375
75.0,0.08,300.0,2,basket,True,21181.603515625,31181.603515625,29.41295244033149,176,294,211.81603515625
75.0,0.05,300.0,2,basket,False,21074.4921875,31074.4921875,20.023699360375574,185,338,210.744921875
50.0,0.05,400.0,2,per_order,False,20967.001953125,30967.001953125,20.083177958245862,302,303,209.67001953125
100.0,0.05,500.0,4,basket,False,20699.5068359375,30699.5068359375,20.232738810124363,154,309,206.995068359375
100.0,0.05,500.0,3,basket,False,20699.5068359375,30699.5068359375,20.232738810124363,154,309,206.995068359375
75.0,0.08,400.0,4,basket,True,20676.005859375,30676.005859375,29.833358020235284,175,284,206.76005859375
75.0,0.08,400.0,2,basket,True,20676.005859375,30676.005859375,29.833358020235284,175,284,206.76005859375
75.0,0.08,400.0,3,basket,True,20676.005859375,30676.005859375,29.833358020235284,175,284,206.76005859375
50.0,0.1,300.0,4,basket,True,20563.9892578125,30563.9892578125,35.44777048060182,236,298,205.639892578125
50.0,0.1,300.0,2,basket,True,20563.9892578125,30563.9892578125,35.44777048060182,236,298,205.639892578125
50.0,0.1,300.0,3,basket,True,20563.9892578125,30563.9892578125,35.44777048060182,236,298,205.639892578125
75.0,0.05,400.0,4,basket,False,20337.49267578125,30337.49267578125,20.438730217189935,181,336,203.3749267578125
75.0,0.05,400.0,3,basket,False,20337.49267578125,30337.49267578125,20.438730217189935,181,336,203.3749267578125
100.0,0.05,500.0,2,basket,False,20324.50439453125,30324.50439453125,20.446198712839983,154,291,203.2450439453125
100.0,0.05,400.0,3,basket,True,20310.992431640625,30310.992431640625,20.453974129718468,148,323,203.10992431640625
100.0,0.05,400.0,4,basket,True,20310.992431640625,30310.992431640625,20.453974129718468,148,323,203.10992431640625
50.0,0.08,500.0,2,basket,False,20103.19921875,30103.19921875,31.167416017321603,239,286,201.03199218749998
50.0,0.08,500.0,4,basket,False,20103.19921875,30103.19921875,31.167416017321603,239,286,201.03199218749998
50.0,0.08,500.0,3,basket,False,20103.19921875,30103.19921875,31.167416017321603,239,286,201.03199218749998
50.0,0.1,400.0,2,per_order,True,19996.9921875,29996.9921875,35.94480997153172,265,266,199.969921875
50.0,0.1,400.0,4,per_order,True,19996.9921875,29996.9921875,35.94480997153172,265,266,199.969921875
50.0,0.1,400.0,3,per_order,True,19996.9921875,29996.9921875,35.94480997153172,265,266,199.969921875
75.0,0.05,400.0,2,basket,False,19948.994140625,29948.994140625,20.66450911544565,181,323,199.48994140625
50.0,0.05,500.0,4,per_order,False,19708.997802734375,29708.997802734375,20.80649448072934,283,284,197.08997802734376
50.0,0.05,500.0,2,per_order,False,19708.997802734375,29708.997802734375,20.80649448072934,283,284,197.08997802734376
50.0,0.05,500.0,3,per_order,False,19708.997802734375,29708.997802734375,20.80649448072934,283,284,197.08997802734376
75.0,0.08,500.0,4,basket,True,19693.607421875,29693.607421875,30.7418513327525,173,269,196.93607421874998
75.0,0.08,500.0,2,basket,True,19693.607421875,29693.607421875,30.7418513327525,173,269,196.93607421874998
75.0,0.08,500.0,3,basket,True,19693.607421875,29693.607421875,30.7418513327525,173,269,196.93607421874998
50.0,0.08,400.0,3,per_order,True,19520.78515625,29520.78515625,30.702785527990343,272,273,195.2078515625
50.0,0.08,400.0,4,per_order,True,19520.78515625,29520.78515625,30.702785527990343,272,273,195.2078515625
50.0,0.08,400.0,2,per_order,True,19520.78515625,29520.78515625,30.702785527990343,272,273,195.2078515625
50.0,0.05,400.0,4,per_order,True,19306.9970703125,29306.9970703125,21.04874624688646,295,296,193.069970703125
50.0,0.05,400.0,3,per_order,True,19306.9970703125,29306.9970703125,21.04874624688646,295,296,193.069970703125
50.0,0.05,300.0,2,per_order,True,19233.99658203125,29233.99658203125,21.09334393964098,296,297,192.3399658203125
75.0,0.05,500.0,3,basket,False,18921.99951171875,28921.99951171875,21.286099537039522,176,311,189.2199951171875
75.0,0.05,500.0,2,basket,False,18921.99951171875,28921.99951171875,21.286099537039522,176,311,189.2199951171875
75.0,0.05,500.0,4,basket,False,18921.99951171875,28921.99951171875,21.286099537039522,176,311,189.2199951171875
50.0,0.1,400.0,2,basket,True,18751.99462890625,28751.99462890625,37.08665541936883,236,268,187.5199462890625
50.0,0.1,400.0,4,basket,True,18751.99462890625,28751.99462890625,37.08665541936883,236,268,187.5199462890625
50.0,0.1,400.0,3,basket,True,18751.99462890625,28751.99462890625,37.08665541936883,236,268,187.5199462890625
50.0,0.08,300.0,2,basket,True,18594.3984375,28594.3984375,31.47262112617117,221,317,185.94398437499999
50.0,0.08,300.0,3,basket,True,18594.3984375,28594.3984375,31.47262112617117,221,317,185.94398437499999
50.0,0.08,300.0,4,basket,True,18594.3984375,28594.3984375,31.47262112617117,221,317,185.94398437499999
50.0,0.05,400.0,2,per_order,True,18510.999755859375,28510.999755859375,21.545462786757664,285,286,185.10999755859373
50.0,0.05,300.0,3,basket,False,18454.002685546875,28454.002685546875,21.581930927145955,204,350,184.54002685546874
50.0,0.05,300.0,4,basket,False,18454.002685546875,28454.002685546875,21.581930927145955,204,350,184.54002685546874
50.0,0.05,300.0,2,basket,False,18172.000732421875,28172.000732421875,21.764194539393504,204,346,181.72000732421876
100.0,0.05,300.0,2,basket,True,17911.497802734375,27911.497802734375,21.93531980736532,139,267,179.11497802734374
75.0,0.05,300.0,3,basket,True,17685.48583984375,27685.48583984375,22.08598297369649,163,328,176.8548583984375
75.0,0.05,300.0,4,basket,True,17685.48583984375,27685.48583984375,22.08598297369649,163,328,176.8548583984375
50.0,0.05,400.0,3,basket,False,17665.006103515625,27665.006103515625,22.09973742173962,203,333,176.65006103515626
50.0,0.05,400.0,2,basket,False,17665.006103515625,27665.006103515625,22.09973742173962,203,333,176.65006103515626
50.0,0.05,400.0,4,basket,False,17665.006103515625,27665.006103515625,22.09973742173962,203,333,176.65006103515626
100.0,0.05,400.0,2,basket,True,17567.998046875,27567.998046875,22.165122706211275,137,263,175.67998046875
100.0,0.05,500.0,4,basket,True,17367.49755859375,27367.49755859375,22.301497643176546,133,272,173.6749755859375
100.0,0.05,500.0,3,basket,True,17367.49755859375,27367.49755859375,22.301497643176546,133,272,173.6749755859375
75.0,0.05,300.0,2,basket,True,17051.9873046875,27051.9873046875,22.519530425522934,163,304,170.519873046875
50.0,0.1,500.0,2,basket,True,17029.990234375,27029.990234375,38.79104293618305,236,237,170.29990234375
50.0,0.1,500.0,4,per_order,True,17029.990234375,27029.990234375,38.79104293618305,236,237,170.29990234375
50.0,0.1,500.0,4,basket,True,17029.990234375,27029.990234375,38.79104293618305,236,237,170.29990234375
50.0,0.1,500.0,3,per_order,True,17029.990234375,27029.990234375,38.79104293618305,236,237,170.29990234375
50.0,0.1,500.0,3,basket,True,17029.990234375,27029.990234375,38.79104293618305,236,237,170.29990234375
50.0,0.1,500.0,2,per_order,True,17029.990234375,27029.990234375,38.79104293618305,236,237,170.29990234375
50.0,0.05,500.0,3,per_order,True,16885.494384765625,26885.494384765625,22.636312379754226,262,263,168.85494384765624
50.0,0.05,500.0,2,per_order,True,16885.494384765625,26885.494384765625,22.636312379754226,262,263,168.85494384765624
50.0,0.05,500.0,4,per_order,True,16885.494384765625,26885.494384765625,22.636312379754226,262,263,168.85494384765624
50.0,0.08,500.0,2,per_order,True,16775.9921875,26775.9921875,33.10180649646616,242,243,167.759921875
50.0,0.08,500.0,4,per_order,True,16775.9921875,26775.9921875,33.10180649646616,242,243,167.759921875
50.0,0.08,500.0,3,per_order,True,16775.9921875,26775.9921875,33.10180649646616,242,243,167.759921875
100.0,0.05,500.0,2,basket,True,16767.998046875,26767.998046875,22.719458683692096,133,254,167.67998046875
50.0,0.05,500.0,3,basket,False,16647.008056640625,26647.008056640625,22.8057180237401,200,313,166.47008056640624
50.0,0.05,500.0,4,basket,False,16647.008056640625,26647.008056640625,22.8057180237401,200,313,166.47008056640624
50.0,0.05,500.0,2,basket,False,16647.008056640625,26647.008056640625,22.8057180237401,200,313,166.47008056640624
75.0,0.05,400.0,3,basket,True,16608.99169921875,26608.99169921875,22.832957037022265,158,299,166.08991699218748
75.0,0.05,400.0,4,basket,True,16608.99169921875,26608.99169921875,22.832957037022265,158,299,166.08991699218748
75.0,0.05,400.0,2,basket,True,16425.491943359375,26425.491943359375,22.965356370530504,158,292,164.25491943359376
50.0,0.08,400.0,3,basket,True,16307.99609375,26307.99609375,33.54876315781466,205,269,163.0799609375
50.0,0.08,400.0,2,basket,True,16307.99609375,26307.99609375,33.54876315781466,205,269,163.0799609375
50.0,0.08,400.0,4,basket,True,16307.99609375,26307.99609375,33.54876315781466,205,269,163.0799609375
75.0,0.05,500.0,2,basket,True,15646.9970703125,25646.9970703125,23.54456438844773,154,281,156.469970703125
75.0,0.05,500.0,3,basket,True,15646.9970703125,25646.9970703125,23.54456438844773,154,281,156.469970703125
75.0,0.05,500.0,4,basket,True,15646.9970703125,25646.9970703125,23.54456438844773,154,281,156.469970703125
50.0,0.08,500.0,2,basket,True,15246.3984375,25246.3984375,34.608792504293014,203,244,152.463984375
50.0,0.08,500.0,4,basket,True,15246.3984375,25246.3984375,34.608792504293014,203,244,152.463984375
50.0,0.08,500.0,3,basket,True,15246.3984375,25246.3984375,34.608792504293014,203,244,152.463984375
50.0,0.05,300.0,4,basket,True,13794.493408203125,23794.493408203125,25.047826607737,174,299,137.94493408203127
50.0,0.05,300.0,3,basket,True,13794.493408203125,23794.493408203125,25.047826607737,174,299,137.94493408203127
50.0,0.05,300.0,2,basket,True,13762.493896484375,23762.493896484375,25.075481861419664,174,295,137.62493896484375
50.0,0.05,400.0,3,basket,True,13681.99951171875,23681.99951171875,25.145319087882772,174,288,136.8199951171875
50.0,0.05,400.0,2,basket,True,13681.99951171875,23681.99951171875,25.145319087882772,174,288,136.8199951171875
50.0,0.05,400.0,4,basket,True,13681.99951171875,23681.99951171875,25.145319087882772,174,288,136.8199951171875
50.0,0.05,500.0,2,basket,True,12975.501708984375,22975.501708984375,25.775388127547462,172,271,129.75501708984376
50.0,0.05,500.0,3,basket,True,12975.501708984375,22975.501708984375,25.775388127547462,172,271,129.75501708984376
50.0,0.05,500.0,4,basket,True,12975.501708984375,22975.501708984375,25.775388127547462,172,271,129.75501708984376
